"photo_no_QV src","med_txt href","sponsored-criteo-ad","med_txt src","item_sku","bv_main_container href","bv_text","med_txt","price_column","gray_price","ae-compliance-indent","txt","txt href","txt src","txt 2","txt href 2","txt src 2","photo_no_QV href","mt-badge-banner href","mt-badge-banner src","sku_ratings href","bv-off-screen","strike","normal","price_column 2","savings_detail","ae-compliance-indent 2","availibilityText","deliveryOn src","pickupOn src","availibilityText 2","availibilityText href","info src","same_day_delivery_message","i_same_day_delivery src","same_day_delivery_message href","i_icon src","sku_icons href","entity src"
"https://officedepot.tagdelivery.com/impression?id=47931f63-d222-4ea4-86e0-386d8696eae0&x=YxXf-9PrvmNTcixXZiXGq4fvZMgLPhyGNjajsCaZrscqB-qsMSg7HZE4dL1lhMWiuTVnqsytFqltsy0RD6RbKOJzxDEWZ-oi5VvZENybEP40_JZEww_J-EzPQjOQ6db45FAfWrgOzFf_t0JWnMuX5VB7YHvQsQt5-EekZTL78S-wn5rrbcgSISPqoEDB317mYPjtg3zeFtM3EepT5EkgZjxTl_bm6GqnfYsaxJbYl_Y-nOvUaM4iv2pQ0lm6t_EHNYLStwtZUvImc4xipwcUzdB-dKYdsKAvJa1m8gUe-h9K3P7y9loCK6T_6LIRznnz-FFukLurHl8AJJvnblHC8ImPhCWIOj0D57llId4rCTquThdW0YGT-Sty0c22sI9HLnbAbRSVi4RJ51TY-pSk4af_c-aGFkd8RlUAbDZo3mFB0euBdGbB9pdtAFj7G1Igmr3jZ_RW6MwR5oDob9IFTUwPj5ulyluS0FLRAXXJL8hsPud6g3FNAuuxRwGSnnMjV8A8poaj1IGUFA50WzfsqEJcsvk5V9BPYQCXAVcZJfIqDsuWH_cWlqztiWA-4EOrF9aggPDG3JnDPJuu5OFu-A%3D%3D","https://officedepot.tagdelivery.com/click?id=47931f63-d222-4ea4-86e0-386d8696eae0&x=YxXf-9PrvmNTcixXZiXGq4fvZMgLPhyGNjajsCaZrscqB-qsMSg7HZE4dL1lhMWiuTVnqsytFqltsy0RD6RbKOJzxDEWZ-oi5VvZENybEP40_JZEww_J-EzPQjOQ6db45FAfWrgOzFf_t0JWnMuX5VB7YHvQsQt5-EekZTL78S-wn5rrbcgSISPqoEDB317mYPjtg3zeFtM3EepT5EkgZjxTl_bm6GqnfYsaxJbYl_Y-nOvUaM4iv2pQ0lm6t_EHNYLStwtZUvImc4xipwcUzdB-dKYdsKAvJa1m8gUe-h9K3P7y9loCK6T_6LIRznnz-FFukLurHl8AJJvnblHC8ImPhCWIOj0D57llId4rCTquThdW0YGT-Sty0c22sI9HLnbAbRSVi4RJ51TY-pSk4af_c-aGFkd8RlUAbDZo3mFB0euBdGbB9pdtAFj7G1Igmr3jZ_RW6MwR5oDob9IFTUwPj5ulyluS0FLRAXXJL8hsPud6g3FNAuuxRwGSnnMjV8A8poaj1IGUFA50WzfsqEJcsvk5V9BPYQCXAVcZJfIqDsuWH_cWlqztiWA-4EOrF9aggPDG3JnDPJuu5OFu-A%3D%3D&redirect=https://www.officedepot.com/catalog/catalogSku.do?id=671778","Sponsored","https://media.officedepot.com/images/t_search,f_auto/products/671778/Deflect-O-Clear-Polycarbonate-Chair-Mat","Item
                                
                                    671778","https://officedepot.tagdelivery.com/click?id=47931f63-d222-4ea4-86e0-386d8696eae0&x=YxXf-9PrvmNTcixXZiXGq4fvZMgLPhyGNjajsCaZrscqB-qsMSg7HZE4dL1lhMWiuTVnqsytFqltsy0RD6RbKOJzxDEWZ-oi5VvZENybEP40_JZEww_J-EzPQjOQ6db45FAfWrgOzFf_t0JWnMuX5VB7YHvQsQt5-EekZTL78S-wn5rrbcgSISPqoEDB317mYPjtg3zeFtM3EepT5EkgZjxTl_bm6GqnfYsaxJbYl_Y-nOvUaM4iv2pQ0lm6t_EHNYLStwtZUvImc4xipwcUzdB-dKYdsKAvJa1m8gUe-h9K3P7y9loCK6T_6LIRznnz-FFukLurHl8AJJvnblHC8ImPhCWIOj0D57llId4rCTquThdW0YGT-Sty0c22sI9HLnbAbRSVi4RJ51TY-pSk4af_c-aGFkd8RlUAbDZo3mFB0euBdGbB9pdtAFj7G1Igmr3jZ_RW6MwR5oDob9IFTUwPj5ulyluS0FLRAXXJL8hsPud6g3FNAuuxRwGSnnMjV8A8poaj1IGUFA50WzfsqEJcsvk5V9BPYQCXAVcZJfIqDsuWH_cWlqztiWA-4EOrF9aggPDG3JnDPJuu5OFu-A%3D%3D&redirect=https://www.officedepot.com/catalog/catalogSku.do?id=671778","(12)","Deflect-O® Clear Polycarbonate Chair Mat For Hard Floors, 46""W x 60""D","$","/","for Deflect-O® Clear Polycarbonate Chair Mat For Hard Floors, 46""W x 60""D","Eco-conscious","https://www.officedepot.com/catalog/responsive/iconlegend.do","https://www.officedepot.com/images/us/od/common/eco_concious.jpg","Recycled content","https://www.officedepot.com/catalog/responsive/iconlegend.do","https://www.officedepot.com/images/us/od/common/eco_concious_recycle.jpg","","","","","","","","","","","","","","","","","","","","","",""
"https://media.officedepot.com/images/t_search,f_auto/products/604924/WorkPro-1000-Series-Ergonomic-MeshMesh-Mid","https://www.officedepot.com/a/products/604924/WorkPro-1000-Series-Ergonomic-MeshMesh-Mid/","","","Item
                                
                                    604924","","(2571)","WorkPro® 1000 Series Ergonomic Mesh/Mesh Mid-Back Task Chair, Black/Black","$249.99","","4.6 out of 5 stars. 2571 reviews","Eco-conscious","https://www.officedepot.com/catalog/responsive/iconlegend.do","https://www.officedepot.com/images/us/od/common/eco_concious.jpg","Recycled content","https://www.officedepot.com/catalog/responsive/iconlegend.do","https://www.officedepot.com/images/us/od/common/eco_concious_recycle.jpg","https://www.officedepot.com/a/products/604924/WorkPro-1000-Series-Ergonomic-MeshMesh-Mid/","https://www.officedepot.com/a/browse/ergonomic-office-chairs/N=5+593065&amp;cbxRefine=1429832/","https://sb.monetate.net/img/1/407/4196501.png","https://www.officedepot.com/catalog/catalogSku.do?id=604924&showReviews=true&#skuTabNavigation","4.6 out of 5 stars. 2571 reviews","$319.99","each
						       (Reg)","Sale","(Save $70)","for WorkPro® 1000 Series Ergonomic Mesh/Mesh Mid-Back Task Chair, Black/Black","Free delivery","https://www.officedepot.com/images/us/od/common/check-green-v2.png","https://www.officedepot.com/images/us/od/common/check-green-v2.png","Free Store Pickup in 20 Minutes","https://www.officedepot.com/catalog/buyonline.do","https://www.officedepot.com/images/us/od/common/info-blue.png","Order by 5pm and get it today","https://www.officedepot.com/images/us/od/icon_same_day_delivery.png","https://www.officedepot.com/samedaydelivery","https://www.officedepot.com/images/us/od/common/info-blue.png","javascript:common_utils.popOpenWindow('http://www.officedepot.com/catalog/assemblyInstructions.do?id=604924&sid=enb-SEsmObdAqN2gWb03B79eCCN&odserver=www.officedepot.com%27,%27height=600,width=800,scrollbars=no,resizable=no,status=no,toolbar=no%27)","https://www.officedepot.com/images/us/od/entities/75470_entity-assembly-instructions.gif"
"https://officedepot.tagdelivery.com/impression?id=dd45fb73-90a1-45e0-8b54-1ba7a26bfcb5&x=MIzOPXlHC7rfGjEXegbv4HOD9QK9rqkvUSiNqVHbXXbyLZ3qObghHbxtqSSGbGnHtgTMabXMU-nqDzA8E7Wdbhp7h6pmJ_Amne1k--l9c3no7Z4Ssp6EjXLV4b0Ulcjs7h6MpPqDmPU8VQhbYUisgpbFQfZbMBB24ycIAfqzH1fkSTcBuNH3nueNpPVZKY-6joDcJYOzHwkyM8U-rnZlAE3gKRilQloY2gAJyYM04OYqZ5KgtiRWzCFAOzzm72uc2vgJ-g3Go41VykqAYHkVinv4gQ9dBPHb1ZHp2xqnBXS6j9hABehZ229fRopizup3nIZ-kf0YIHtV0ZKdogSIR8c7zAt21i7At6l4RYfc9Ek_tfoQM5yPEusDlfFrLcOs4HBEuHOGQKx1kIMGlFbGkEPOOQN_PDT4W8RbCKMgtWIdEa373H40ULyiKg5BWO9bEMalr_-_2wtk_2KIR3pfKCQ6cOLg8lEUf9NFn-lvpD8N-5OOcgs38bSKZGJN7bwlJ9JdNvQGhjUTve97b-lcwgFCR0XS7G8H2eAWKrIWg782LHjcL5r3-eZ1-aWdyPr5sVJCepG-fgrbudLiI1H9vw%3D%3D","https://officedepot.tagdelivery.com/click?id=dd45fb73-90a1-45e0-8b54-1ba7a26bfcb5&x=MIzOPXlHC7rfGjEXegbv4HOD9QK9rqkvUSiNqVHbXXbyLZ3qObghHbxtqSSGbGnHtgTMabXMU-nqDzA8E7Wdbhp7h6pmJ_Amne1k--l9c3no7Z4Ssp6EjXLV4b0Ulcjs7h6MpPqDmPU8VQhbYUisgpbFQfZbMBB24ycIAfqzH1fkSTcBuNH3nueNpPVZKY-6joDcJYOzHwkyM8U-rnZlAE3gKRilQloY2gAJyYM04OYqZ5KgtiRWzCFAOzzm72uc2vgJ-g3Go41VykqAYHkVinv4gQ9dBPHb1ZHp2xqnBXS6j9hABehZ229fRopizup3nIZ-kf0YIHtV0ZKdogSIR8c7zAt21i7At6l4RYfc9Ek_tfoQM5yPEusDlfFrLcOs4HBEuHOGQKx1kIMGlFbGkEPOOQN_PDT4W8RbCKMgtWIdEa373H40ULyiKg5BWO9bEMalr_-_2wtk_2KIR3pfKCQ6cOLg8lEUf9NFn-lvpD8N-5OOcgs38bSKZGJN7bwlJ9JdNvQGhjUTve97b-lcwgFCR0XS7G8H2eAWKrIWg782LHjcL5r3-eZ1-aWdyPr5sVJCepG-fgrbudLiI1H9vw%3D%3D&redirect=https://www.officedepot.com/catalog/catalogSku.do?id=887456","Sponsored","https://media.officedepot.com/images/t_search,f_auto/products/887456/Deflect-O-Ergonomic-Sit-Stand-Chair","Item
                                
                                    887456","https://officedepot.tagdelivery.com/click?id=dd45fb73-90a1-45e0-8b54-1ba7a26bfcb5&x=MIzOPXlHC7rfGjEXegbv4HOD9QK9rqkvUSiNqVHbXXbyLZ3qObghHbxtqSSGbGnHtgTMabXMU-nqDzA8E7Wdbhp7h6pmJ_Amne1k--l9c3no7Z4Ssp6EjXLV4b0Ulcjs7h6MpPqDmPU8VQhbYUisgpbFQfZbMBB24ycIAfqzH1fkSTcBuNH3nueNpPVZKY-6joDcJYOzHwkyM8U-rnZlAE3gKRilQloY2gAJyYM04OYqZ5KgtiRWzCFAOzzm72uc2vgJ-g3Go41VykqAYHkVinv4gQ9dBPHb1ZHp2xqnBXS6j9hABehZ229fRopizup3nIZ-kf0YIHtV0ZKdogSIR8c7zAt21i7At6l4RYfc9Ek_tfoQM5yPEusDlfFrLcOs4HBEuHOGQKx1kIMGlFbGkEPOOQN_PDT4W8RbCKMgtWIdEa373H40ULyiKg5BWO9bEMalr_-_2wtk_2KIR3pfKCQ6cOLg8lEUf9NFn-lvpD8N-5OOcgs38bSKZGJN7bwlJ9JdNvQGhjUTve97b-lcwgFCR0XS7G8H2eAWKrIWg782LHjcL5r3-eZ1-aWdyPr5sVJCepG-fgrbudLiI1H9vw%3D%3D&redirect=https://www.officedepot.com/catalog/catalogSku.do?id=887456","(0)","Deflect-O® Ergonomic Sit-Stand® Chair Mat For All Pile and Hard Floors, 45"" x 53...","$","/","for Deflect-O® Ergonomic Sit-Stand® Chair Mat For All Pile and Hard Floors, 45"" x 53...","","","","","","","","","","","","","","","","","","","","","","","","","","","",""
"https://media.officedepot.com/images/t_search,f_auto/products/493876/Realspace-MFTC-200-Ergonomic-Mesh-Mid","https://www.officedepot.com/a/products/493876/Realspace-MFTC-200-Ergonomic-Mesh-Mid/","","","Item
                                
                                    493876","","(2908)","Realspace® MFTC 200 Ergonomic Mesh Mid-Back Task Chair, Black","$229.99","","4.5 out of 5 stars. 2908 reviews","","","","","","","https://www.officedepot.com/a/products/493876/Realspace-MFTC-200-Ergonomic-Mesh-Mid/","https://www.officedepot.com/a/browse/ergonomic-office-chairs/N=5+593065&amp;cbxRefine=1429832/","https://sb.monetate.net/img/1/407/4196501.png","https://www.officedepot.com/catalog/catalogSku.do?id=493876&showReviews=true&#skuTabNavigation","4.5 out of 5 stars. 2908 reviews","$299.99","each
						       (Reg)","Sale","(Save $70)","for Realspace® MFTC 200 Ergonomic Mesh Mid-Back Task Chair, Black","Free delivery","https://www.officedepot.com/images/us/od/common/check-green-v2.png","https://www.officedepot.com/images/us/od/common/check-green-v2.png","Free Store Pickup in 20 Minutes","https://www.officedepot.com/catalog/buyonline.do","https://www.officedepot.com/images/us/od/common/info-blue.png","Order by 5pm and get it today","https://www.officedepot.com/images/us/od/icon_same_day_delivery.png","https://www.officedepot.com/samedaydelivery","https://www.officedepot.com/images/us/od/common/info-blue.png","javascript:common_utils.popOpenWindow('http://www.officedepot.com/catalog/assemblyInstructions.do?id=493876&sid=enb-SEsmObdAqN2gWb03B79eCCN&odserver=www.officedepot.com%27,%27height=600,width=800,scrollbars=no,resizable=no,status=no,toolbar=no%27)","https://www.officedepot.com/images/us/od/entities/75470_entity-assembly-instructions.gif"
"https://media.officedepot.com/images/t_search,f_auto/products/510830/WorkPro-Quantum-9000-Series-Ergonomic-MeshMesh","https://www.officedepot.com/a/products/510830/WorkPro-Quantum-9000-Series-Ergonomic-MeshMesh/","","","Item
                                
                                    510830","","(2030)","WorkPro® Quantum 9000 Series Ergonomic Mesh/Mesh Mid-Back Chair, Black/Black","$449.99","","4.5 out of 5 stars. 2030 reviews","Eco-conscious","https://www.officedepot.com/catalog/responsive/iconlegend.do","https://www.officedepot.com/images/us/od/common/eco_concious.jpg","Recycled content","https://www.officedepot.com/catalog/responsive/iconlegend.do","https://www.officedepot.com/images/us/od/common/eco_concious_recycle.jpg","https://www.officedepot.com/a/products/510830/WorkPro-Quantum-9000-Series-Ergonomic-MeshMesh/","https://www.officedepot.com/a/browse/ergonomic-office-chairs/N=5+593065&amp;cbxRefine=1429832/","https://sb.monetate.net/img/1/407/4196501.png","https://www.officedepot.com/catalog/catalogSku.do?id=510830&showReviews=true&#skuTabNavigation","4.5 out of 5 stars. 2030 reviews","$549.99","each
						       (Reg)","Sale","(Save $100)","for WorkPro® Quantum 9000 Series Ergonomic Mesh/Mesh Mid-Back Chair, Black/Black","Free delivery","https://www.officedepot.com/images/us/od/common/check-green-v2.png","https://www.officedepot.com/images/us/od/common/check-green-v2.png","Free Store Pickup in 20 Minutes","https://www.officedepot.com/catalog/buyonline.do","https://www.officedepot.com/images/us/od/common/info-blue.png","","","","","javascript:common_utils.popOpenWindow('http://www.officedepot.com/catalog/assemblyInstructions.do?id=510830&sid=enb-SEsmObdAqN2gWb03B79eCCN&odserver=www.officedepot.com%27,%27height=600,width=800,scrollbars=no,resizable=no,status=no,toolbar=no%27)","https://www.officedepot.com/images/us/od/entities/75470_entity-assembly-instructions.gif"
"https://officedepot.tagdelivery.com/impression?id=050f2298-05c2-48b3-8782-489f1f15423a&x=_jz_RBafuhbp_eh72fC7LthRhYqk-UuEpvEywYXRVBQ_N-36rp3T63S_7ZvijpnCsyJ8oXFXx8BnGa1MxhHQs4DsH2BiGf0bCYBD09x5PhgLYQeYCT9wIZWKbt8nE5jnoqQ93d1EoN6TKQlUJY-HqeaAgAxwJR_ad8y0qcIDPKL4iu1LhTKhwVLHgLuJ71okj1SmwraHaX4v-5fb9LdIlAJGXmIkfe6qvjnnFOd0BkmPtW_gJI_NgMMCBDDsaGrLLyKH3fzizJ-NcrOoShojdPzHhRQLCFsc2NqPUzpvPBm2VV_UPkNjae5SODPFyHG7lZwcy_yj4NQZ5BLgHAq9WYJQjN65oLeYnPRietjdPD3a6j5wGwJ8eUH2hGh7HRtJvl0myvubV39gMcK6ektH0PRlZhy_9btONzWXBSEU8cVNqOMjm5oeKe3fnBehJekGcFNtcxThoeK5vjMzR1I1fxtyg7oBEdj03E6VMjShpDgkbQVgbfiHQRkIIIkqfXFeOtaann8Xb9O40rPJcM5NDchRGKXXUZdDnmY0wOf-bJUNFMekVbf0LfrMnzZ_LCZDtxjmWZp6lNu6fZS43od5Bg%3D%3D","https://officedepot.tagdelivery.com/click?id=050f2298-05c2-48b3-8782-489f1f15423a&x=_jz_RBafuhbp_eh72fC7LthRhYqk-UuEpvEywYXRVBQ_N-36rp3T63S_7ZvijpnCsyJ8oXFXx8BnGa1MxhHQs4DsH2BiGf0bCYBD09x5PhgLYQeYCT9wIZWKbt8nE5jnoqQ93d1EoN6TKQlUJY-HqeaAgAxwJR_ad8y0qcIDPKL4iu1LhTKhwVLHgLuJ71okj1SmwraHaX4v-5fb9LdIlAJGXmIkfe6qvjnnFOd0BkmPtW_gJI_NgMMCBDDsaGrLLyKH3fzizJ-NcrOoShojdPzHhRQLCFsc2NqPUzpvPBm2VV_UPkNjae5SODPFyHG7lZwcy_yj4NQZ5BLgHAq9WYJQjN65oLeYnPRietjdPD3a6j5wGwJ8eUH2hGh7HRtJvl0myvubV39gMcK6ektH0PRlZhy_9btONzWXBSEU8cVNqOMjm5oeKe3fnBehJekGcFNtcxThoeK5vjMzR1I1fxtyg7oBEdj03E6VMjShpDgkbQVgbfiHQRkIIIkqfXFeOtaann8Xb9O40rPJcM5NDchRGKXXUZdDnmY0wOf-bJUNFMekVbf0LfrMnzZ_LCZDtxjmWZp6lNu6fZS43od5Bg%3D%3D&redirect=https://www.officedepot.com/catalog/catalogSku.do?id=6117579","Sponsored","https://media.officedepot.com/images/t_search,f_auto/products/6117579/Deflect-O-Ergonomic-Sit-Stand-Chair","Item
                                
                                    6117579","https://officedepot.tagdelivery.com/click?id=050f2298-05c2-48b3-8782-489f1f15423a&x=_jz_RBafuhbp_eh72fC7LthRhYqk-UuEpvEywYXRVBQ_N-36rp3T63S_7ZvijpnCsyJ8oXFXx8BnGa1MxhHQs4DsH2BiGf0bCYBD09x5PhgLYQeYCT9wIZWKbt8nE5jnoqQ93d1EoN6TKQlUJY-HqeaAgAxwJR_ad8y0qcIDPKL4iu1LhTKhwVLHgLuJ71okj1SmwraHaX4v-5fb9LdIlAJGXmIkfe6qvjnnFOd0BkmPtW_gJI_NgMMCBDDsaGrLLyKH3fzizJ-NcrOoShojdPzHhRQLCFsc2NqPUzpvPBm2VV_UPkNjae5SODPFyHG7lZwcy_yj4NQZ5BLgHAq9WYJQjN65oLeYnPRietjdPD3a6j5wGwJ8eUH2hGh7HRtJvl0myvubV39gMcK6ektH0PRlZhy_9btONzWXBSEU8cVNqOMjm5oeKe3fnBehJekGcFNtcxThoeK5vjMzR1I1fxtyg7oBEdj03E6VMjShpDgkbQVgbfiHQRkIIIkqfXFeOtaann8Xb9O40rPJcM5NDchRGKXXUZdDnmY0wOf-bJUNFMekVbf0LfrMnzZ_LCZDtxjmWZp6lNu6fZS43od5Bg%3D%3D&redirect=https://www.officedepot.com/catalog/catalogSku.do?id=6117579","(2)","Deflect-O Ergonomic Sit-Stand® Chair Mat For All Pile and Hard Floors, 36""W x 48...","$","/","for Deflect-O Ergonomic Sit-Stand® Chair Mat For All Pile and Hard Floors, 36""W x 48...","","","","","","","","","","","","","","","","","","","","","","","","","","","",""
"https://media.officedepot.com/images/t_search,f_auto/products/304574/Serta-Smart-Layers-Jennings-Big-Tall","https://www.officedepot.com/a/products/304574/Serta-Smart-Layers-Jennings-Big-Tall/","","","Item
                                
                                    304574","","(1377)","Serta® Smart Layers™ Jennings Big & Tall Ergonomic Bonded Leather High-Back ...","$469.99","/ each","4.2 out of 5 stars. 1377 reviews","Eco-conscious","https://www.officedepot.com/catalog/responsive/iconlegend.do","https://www.officedepot.com/images/us/od/common/eco_concious.jpg","","","","https://www.officedepot.com/a/products/304574/Serta-Smart-Layers-Jennings-Big-Tall/","https://www.officedepot.com/a/browse/ergonomic-office-chairs/N=5+593065&amp;cbxRefine=1429832/","https://sb.monetate.net/img/1/407/4196501.png","https://www.officedepot.com/catalog/catalogSku.do?id=304574&showReviews=true&#skuTabNavigation","4.2 out of 5 stars. 1377 reviews","","","","","for Serta® Smart Layers™ Jennings Big & Tall Ergonomic Bonded Leather High-Back ...","Free delivery","https://www.officedepot.com/images/us/od/common/check-green-v2.png","https://www.officedepot.com/images/us/od/common/check-green-v2.png","Free Store Pickup in 20 Minutes","https://www.officedepot.com/catalog/buyonline.do","https://www.officedepot.com/images/us/od/common/info-blue.png","","","","","javascript:common_utils.popOpenWindow('http://www.officedepot.com/catalog/assemblyInstructions.do?id=304574&sid=enb-SEsmObdAqN2gWb03B79eCCN&odserver=www.officedepot.com%27,%27height=600,width=800,scrollbars=no,resizable=no,status=no,toolbar=no%27)","https://www.officedepot.com/images/us/od/entities/75470_entity-assembly-instructions.gif"
"https://media.officedepot.com/images/t_search,f_auto/products/9702132/WorkPro-12000-Series-Ergonomic-MeshFabric-Mid","https://www.officedepot.com/a/products/9702132/WorkPro-12000-Series-Ergonomic-MeshFabric-Mid/","","","Item
                                
                                    9702132","","(593)","WorkPro® 12000 Series Ergonomic Mesh/Fabric Mid-Back Chair, Black/Black","$499.99","","4.5 out of 5 stars. 593 reviews","Eco-conscious","https://www.officedepot.com/catalog/responsive/iconlegend.do","https://www.officedepot.com/images/us/od/common/eco_concious.jpg","","","","https://www.officedepot.com/a/products/9702132/WorkPro-12000-Series-Ergonomic-MeshFabric-Mid/","https://www.officedepot.com/a/browse/ergonomic-office-chairs/N=5+593065&amp;cbxRefine=1429832/","https://sb.monetate.net/img/1/407/4196501.png","https://www.officedepot.com/catalog/catalogSku.do?id=9702132&showReviews=true&#skuTabNavigation","4.5 out of 5 stars. 593 reviews","$629.99","each
						       (Reg)","Sale","(Save $130)","for WorkPro® 12000 Series Ergonomic Mesh/Fabric Mid-Back Chair, Black/Black","Free delivery","https://www.officedepot.com/images/us/od/common/check-green-v2.png","https://www.officedepot.com/images/us/od/common/check-green-v2.png","Free Store Pickup in 20 Minutes","https://www.officedepot.com/catalog/buyonline.do","https://www.officedepot.com/images/us/od/common/info-blue.png","","","","","javascript:common_utils.popOpenWindow('http://www.officedepot.com/catalog/assemblyInstructions.do?id=9702132&sid=enb-SEsmObdAqN2gWb03B79eCCN&odserver=www.officedepot.com%27,%27height=600,width=800,scrollbars=no,resizable=no,status=no,toolbar=no%27)","https://www.officedepot.com/images/us/od/entities/75470_entity-assembly-instructions.gif"
"https://officedepot.tagdelivery.com/impression?id=2cc1ee2e-bb71-4efe-a667-dd67e1a398f9&x=GpfbXgmPw5h-98XtS4CrKJxANcLvWkHVGzHC5hOQotJ-CPS4wnxIsOSUWH-BQd6Q9cCf-sbLe7lHlns9CgYpLXp3h7DeDi_2vqGs9fM4JXvdQYYR1ECAmRiW6suQMBQa-fd-tiRWqIVuYSooExta_152l6PlxDh69-4DE4VSd_nnmLJKAvKx7Q4uTBwUyMVNrlbHSvfOXQ3yCmTgtXdi33wLUWvDp0ukD6uuauVUonWLRSBqOBVP4g0UaN4ZITcN9iJupIvggnqhm5RlKXWRNqcuBcw5bYPnECz0Ea8UiWch3l5xs4a8vxWxFhndCFdOHuJKzPCHaA4KVi4JnsfNNdH2at59Ah5_PR2qg-cEHgRJduaPDbrABF30ZMs5drUcpYuEumXJYL3yXPCSmGcAwkEOCesM3pCThe391oVKNsXgjciDymDUJNzELAY8TRD9R4NueHIgsmbfZldQW9rSolPqM4pJxBnzrkUdN2q27Zo0K1OjHbYz7c5Kf3vzv4R8Bw_fEc9hJMtT2ddhITsvS3koI_Xa21ghO5oo6I__WkVcCyllKNhqH_07_MUhVWITqPOpGIKtLN8uSlPS8Weacg%3D%3D","https://officedepot.tagdelivery.com/click?id=2cc1ee2e-bb71-4efe-a667-dd67e1a398f9&x=GpfbXgmPw5h-98XtS4CrKJxANcLvWkHVGzHC5hOQotJ-CPS4wnxIsOSUWH-BQd6Q9cCf-sbLe7lHlns9CgYpLXp3h7DeDi_2vqGs9fM4JXvdQYYR1ECAmRiW6suQMBQa-fd-tiRWqIVuYSooExta_152l6PlxDh69-4DE4VSd_nnmLJKAvKx7Q4uTBwUyMVNrlbHSvfOXQ3yCmTgtXdi33wLUWvDp0ukD6uuauVUonWLRSBqOBVP4g0UaN4ZITcN9iJupIvggnqhm5RlKXWRNqcuBcw5bYPnECz0Ea8UiWch3l5xs4a8vxWxFhndCFdOHuJKzPCHaA4KVi4JnsfNNdH2at59Ah5_PR2qg-cEHgRJduaPDbrABF30ZMs5drUcpYuEumXJYL3yXPCSmGcAwkEOCesM3pCThe391oVKNsXgjciDymDUJNzELAY8TRD9R4NueHIgsmbfZldQW9rSolPqM4pJxBnzrkUdN2q27Zo0K1OjHbYz7c5Kf3vzv4R8Bw_fEc9hJMtT2ddhITsvS3koI_Xa21ghO5oo6I__WkVcCyllKNhqH_07_MUhVWITqPOpGIKtLN8uSlPS8Weacg%3D%3D&redirect=https://www.officedepot.com/catalog/catalogSku.do?id=671742","Sponsored","https://media.officedepot.com/images/t_search,f_auto/products/671742/Deflect-O-Polycarbonate-Chair-Mat-For","Item
                                
                                    671742","https://officedepot.tagdelivery.com/click?id=2cc1ee2e-bb71-4efe-a667-dd67e1a398f9&x=GpfbXgmPw5h-98XtS4CrKJxANcLvWkHVGzHC5hOQotJ-CPS4wnxIsOSUWH-BQd6Q9cCf-sbLe7lHlns9CgYpLXp3h7DeDi_2vqGs9fM4JXvdQYYR1ECAmRiW6suQMBQa-fd-tiRWqIVuYSooExta_152l6PlxDh69-4DE4VSd_nnmLJKAvKx7Q4uTBwUyMVNrlbHSvfOXQ3yCmTgtXdi33wLUWvDp0ukD6uuauVUonWLRSBqOBVP4g0UaN4ZITcN9iJupIvggnqhm5RlKXWRNqcuBcw5bYPnECz0Ea8UiWch3l5xs4a8vxWxFhndCFdOHuJKzPCHaA4KVi4JnsfNNdH2at59Ah5_PR2qg-cEHgRJduaPDbrABF30ZMs5drUcpYuEumXJYL3yXPCSmGcAwkEOCesM3pCThe391oVKNsXgjciDymDUJNzELAY8TRD9R4NueHIgsmbfZldQW9rSolPqM4pJxBnzrkUdN2q27Zo0K1OjHbYz7c5Kf3vzv4R8Bw_fEc9hJMtT2ddhITsvS3koI_Xa21ghO5oo6I__WkVcCyllKNhqH_07_MUhVWITqPOpGIKtLN8uSlPS8Weacg%3D%3D&redirect=https://www.officedepot.com/catalog/catalogSku.do?id=671742","(65)","Deflect-O Polycarbonate Chair Mat For Pile Carpets, Rectangular, 36""W x 48""D, Cl...","$","/","for Deflect-O Polycarbonate Chair Mat For Pile Carpets, Rectangular, 36""W x 48""D, Cl...","Eco-conscious","https://www.officedepot.com/catalog/responsive/iconlegend.do","https://www.officedepot.com/images/us/od/common/eco_concious.jpg","","","","","","","","","","","","","","","","","","","","","","","","",""
"https://media.officedepot.com/images/t_search,f_auto/products/2724332/WorkPro-Oceanic-MeshFabric-Ergonomic-High-Back","https://www.officedepot.com/a/products/2724332/WorkPro-Oceanic-MeshFabric-Ergonomic-High-Back/","","","Item
                                
                                    2724332","","(35)","WorkPro® Oceanic Mesh/Fabric Ergonomic High-Back Executive Chair, Black","$299.99","","4.2 out of 5 stars. 35 reviews","Eco-conscious","https://www.officedepot.com/catalog/responsive/iconlegend.do","https://www.officedepot.com/images/us/od/common/eco_concious.jpg","Recycled content","https://www.officedepot.com/catalog/responsive/iconlegend.do","https://www.officedepot.com/images/us/od/common/eco_concious_recycle.jpg","https://www.officedepot.com/a/products/2724332/WorkPro-Oceanic-MeshFabric-Ergonomic-High-Back/","https://www.officedepot.com/a/browse/ergonomic-office-chairs/N=5+593065&amp;cbxRefine=1429832/","https://sb.monetate.net/img/1/407/4196420.png","https://www.officedepot.com/catalog/catalogSku.do?id=2724332&showReviews=true&#skuTabNavigation","4.2 out of 5 stars. 35 reviews","$349.99","each
						       (Reg)","Sale","(Save $50)","for WorkPro® Oceanic Mesh/Fabric Ergonomic High-Back Executive Chair, Black","Free delivery","https://www.officedepot.com/images/us/od/common/check-green-v2.png","https://www.officedepot.com/images/us/od/common/check-green-v2.png","Free Store Pickup in 20 Minutes","https://www.officedepot.com/catalog/buyonline.do","https://www.officedepot.com/images/us/od/common/info-blue.png","Order by 5pm and get it today","https://www.officedepot.com/images/us/od/icon_same_day_delivery.png","https://www.officedepot.com/samedaydelivery","https://www.officedepot.com/images/us/od/common/info-blue.png","javascript:common_utils.popOpenWindow('http://www.officedepot.com/catalog/assemblyInstructions.do?id=2724332&sid=enb-SEsmObdAqN2gWb03B79eCCN&odserver=www.officedepot.com%27,%27height=600,width=800,scrollbars=no,resizable=no,status=no,toolbar=no%27)","https://www.officedepot.com/images/us/od/entities/75470_entity-assembly-instructions.gif"
"https://media.officedepot.com/images/t_search,f_auto/products/8517865/WorkPro-Momentum-Ergonomic-Mesh-Active-High","https://www.officedepot.com/a/products/8517865/WorkPro-Momentum-Ergonomic-Mesh-Active-High/","","","Item
                                
                                    8517865","","(91)","WorkPro® Momentum Ergonomic Mesh Active High-Back Chair, Black","$349.99","","4.2 out of 5 stars. 91 reviews","Eco-conscious","https://www.officedepot.com/catalog/responsive/iconlegend.do","https://www.officedepot.com/images/us/od/common/eco_concious.jpg","","","","https://www.officedepot.com/a/products/8517865/WorkPro-Momentum-Ergonomic-Mesh-Active-High/","https://www.officedepot.com/a/browse/ergonomic-office-chairs/N=5+593065&amp;cbxRefine=1429832/","https://sb.monetate.net/img/1/407/4196420.png","https://www.officedepot.com/catalog/catalogSku.do?id=8517865&showReviews=true&#skuTabNavigation","4.2 out of 5 stars. 91 reviews","$429.99","each
						       (Reg)","Sale","(Save $80)","for WorkPro® Momentum Ergonomic Mesh Active High-Back Chair, Black","Free delivery","https://www.officedepot.com/images/us/od/common/check-green-v2.png","https://www.officedepot.com/images/us/od/common/check-green-v2.png","Free Store Pickup in 20 Minutes","https://www.officedepot.com/catalog/buyonline.do","https://www.officedepot.com/images/us/od/common/info-blue.png","Order by 5pm and get it today","https://www.officedepot.com/images/us/od/icon_same_day_delivery.png","https://www.officedepot.com/samedaydelivery","https://www.officedepot.com/images/us/od/common/info-blue.png","javascript:common_utils.popOpenWindow('http://www.officedepot.com/catalog/assemblyInstructions.do?id=8517865&sid=enb-SEsmObdAqN2gWb03B79eCCN&odserver=www.officedepot.com%27,%27height=600,width=800,scrollbars=no,resizable=no,status=no,toolbar=no%27)","https://www.officedepot.com/images/us/od/entities/75470_entity-assembly-instructions.gif"
"https://officedepot.tagdelivery.com/impression?id=f825b61e-8293-4a5d-a3bd-41061820e16d&x=_f45s40Kp3GncIt-WaM3b-Rb7fwYSpLPEAeMuLST_sX0EPiwIBaTvHDNcopzUU3rqiDU7jUOz5sEDGhPcEE_71tQWIPiX76KF-gSVtGktKRP-095UHKWLWzm15enXDuck2S1dUWid5IUtmgBHJ5N728A5gCmqfkrl0yoKL588KhR1EItZJLr2gqLqcE17nWd3MOIgNTq19xr5s2yEQQF1pW83bOaIH2FERyY9xwCB8QvDl7jCHwf3NWPn_GRnBjeoIBPtxiO9yci0HxH6NEqjpMGq5kNmCaOIArm59yLCnKAtevprFuGZFj1X8Zvt8hdgMWBmki-gx0OO69W0mEvLPvBTaW2iE5ysfpvjWaPNhY0fb3WItTIYz9Zbmc-bwqyY9S351t0vJq-5Uc9oBB2YOGXpCD8koJtGxcnXf6pZqH28dou-4uTPoBEcky5ZzusG02J93qWwijjOykuPcImPok-Tdr36i0msSbx557p7FeBuoZhgtQT6UqclyfLFIcZcz0W6P8NHv2qRXP2o8eY8zNa6o_1J-7BZtqQeown-io2x6lGzglu-rU6wQXsqAF73vSNXAr2U2E3tvJGAH2tYw%3D%3D","https://officedepot.tagdelivery.com/click?id=f825b61e-8293-4a5d-a3bd-41061820e16d&x=_f45s40Kp3GncIt-WaM3b-Rb7fwYSpLPEAeMuLST_sX0EPiwIBaTvHDNcopzUU3rqiDU7jUOz5sEDGhPcEE_71tQWIPiX76KF-gSVtGktKRP-095UHKWLWzm15enXDuck2S1dUWid5IUtmgBHJ5N728A5gCmqfkrl0yoKL588KhR1EItZJLr2gqLqcE17nWd3MOIgNTq19xr5s2yEQQF1pW83bOaIH2FERyY9xwCB8QvDl7jCHwf3NWPn_GRnBjeoIBPtxiO9yci0HxH6NEqjpMGq5kNmCaOIArm59yLCnKAtevprFuGZFj1X8Zvt8hdgMWBmki-gx0OO69W0mEvLPvBTaW2iE5ysfpvjWaPNhY0fb3WItTIYz9Zbmc-bwqyY9S351t0vJq-5Uc9oBB2YOGXpCD8koJtGxcnXf6pZqH28dou-4uTPoBEcky5ZzusG02J93qWwijjOykuPcImPok-Tdr36i0msSbx557p7FeBuoZhgtQT6UqclyfLFIcZcz0W6P8NHv2qRXP2o8eY8zNa6o_1J-7BZtqQeown-io2x6lGzglu-rU6wQXsqAF73vSNXAr2U2E3tvJGAH2tYw%3D%3D&redirect=https://www.officedepot.com/catalog/catalogSku.do?id=671769","Sponsored","https://media.officedepot.com/images/t_search,f_auto/products/671769/Deflect-O-Clear-Polycarbonate-Chair-Mat","Item
                                
                                    671769","https://officedepot.tagdelivery.com/click?id=f825b61e-8293-4a5d-a3bd-41061820e16d&x=_f45s40Kp3GncIt-WaM3b-Rb7fwYSpLPEAeMuLST_sX0EPiwIBaTvHDNcopzUU3rqiDU7jUOz5sEDGhPcEE_71tQWIPiX76KF-gSVtGktKRP-095UHKWLWzm15enXDuck2S1dUWid5IUtmgBHJ5N728A5gCmqfkrl0yoKL588KhR1EItZJLr2gqLqcE17nWd3MOIgNTq19xr5s2yEQQF1pW83bOaIH2FERyY9xwCB8QvDl7jCHwf3NWPn_GRnBjeoIBPtxiO9yci0HxH6NEqjpMGq5kNmCaOIArm59yLCnKAtevprFuGZFj1X8Zvt8hdgMWBmki-gx0OO69W0mEvLPvBTaW2iE5ysfpvjWaPNhY0fb3WItTIYz9Zbmc-bwqyY9S351t0vJq-5Uc9oBB2YOGXpCD8koJtGxcnXf6pZqH28dou-4uTPoBEcky5ZzusG02J93qWwijjOykuPcImPok-Tdr36i0msSbx557p7FeBuoZhgtQT6UqclyfLFIcZcz0W6P8NHv2qRXP2o8eY8zNa6o_1J-7BZtqQeown-io2x6lGzglu-rU6wQXsqAF73vSNXAr2U2E3tvJGAH2tYw%3D%3D&redirect=https://www.officedepot.com/catalog/catalogSku.do?id=671769","(12)","Deflect-O® Clear Polycarbonate Chair Mat For Hard Floors, 45""W x 53""D","$","/","for Deflect-O® Clear Polycarbonate Chair Mat For Hard Floors, 45""W x 53""D","Eco-conscious","https://www.officedepot.com/catalog/responsive/iconlegend.do","https://www.officedepot.com/images/us/od/common/eco_concious.jpg","Recycled content","https://www.officedepot.com/catalog/responsive/iconlegend.do","https://www.officedepot.com/images/us/od/common/eco_concious_recycle.jpg","","","","","","","","","","","","","","","","","","","","","",""
"https://media.officedepot.com/images/t_search,f_auto/products/7391635/Shaquille-ONeal-Zethus-Ergonomic-Bonded-Leather","https://www.officedepot.com/a/products/7391635/Shaquille-ONeal-Zethus-Ergonomic-Bonded-Leather/","","","Item
                                
                                    7391635","","(231)","Shaquille O'Neal™ Zethus Ergonomic Bonded Leather High-Back Executive Chair, Bro...","$499.99","/ each","4.0 out of 5 stars. 231 reviews","Eco-conscious","https://www.officedepot.com/catalog/responsive/iconlegend.do","https://www.officedepot.com/images/us/od/common/eco_concious.jpg","","","","https://www.officedepot.com/a/products/7391635/Shaquille-ONeal-Zethus-Ergonomic-Bonded-Leather/","https://www.officedepot.com/a/browse/ergonomic-office-chairs/N=5+593065&amp;cbxRefine=1429832/","https://sb.monetate.net/img/1/407/4196501.png","https://www.officedepot.com/catalog/catalogSku.do?id=7391635&showReviews=true&#skuTabNavigation","4.0 out of 5 stars. 231 reviews","","","","","for Shaquille O'Neal™ Zethus Ergonomic Bonded Leather High-Back Executive Chair, Bro...","Free delivery","https://www.officedepot.com/images/us/od/common/check-green-v2.png","https://www.officedepot.com/images/us/od/common/check-green-v2.png","Free Store Pickup in 20 Minutes","https://www.officedepot.com/catalog/buyonline.do","https://www.officedepot.com/images/us/od/common/info-blue.png","","","","","javascript:common_utils.popOpenWindow('http://www.officedepot.com/catalog/assemblyInstructions.do?id=7391635&sid=enb-SEsmObdAqN2gWb03B79eCCN&odserver=www.officedepot.com%27,%27height=600,width=800,scrollbars=no,resizable=no,status=no,toolbar=no%27)","https://www.officedepot.com/images/us/od/entities/75470_entity-assembly-instructions.gif"
"https://media.officedepot.com/images/t_search,f_auto/products/836787/Serta-Smart-Layers-Hensley-Big-Tall","https://www.officedepot.com/a/products/836787/Serta-Smart-Layers-Hensley-Big-Tall/","","","Item
                                
                                    836787","","(1529)","Serta® Smart Layers™ Hensley Big & Tall Ergonomic Bonded Leather High-Back C...","$499.99","/ each","4.3 out of 5 stars. 1529 reviews","Eco-conscious","https://www.officedepot.com/catalog/responsive/iconlegend.do","https://www.officedepot.com/images/us/od/common/eco_concious.jpg","","","","https://www.officedepot.com/a/products/836787/Serta-Smart-Layers-Hensley-Big-Tall/","https://www.officedepot.com/a/browse/ergonomic-office-chairs/N=5+593065&amp;cbxRefine=1429832/","https://sb.monetate.net/img/1/407/4196501.png","https://www.officedepot.com/catalog/catalogSku.do?id=836787&showReviews=true&#skuTabNavigation","4.3 out of 5 stars. 1529 reviews","","","","","for Serta® Smart Layers™ Hensley Big & Tall Ergonomic Bonded Leather High-Back C...","Free delivery","https://www.officedepot.com/images/us/od/common/check-green-v2.png","https://www.officedepot.com/images/us/od/common/check-green-v2.png","Free Store Pickup in 20 Minutes","https://www.officedepot.com/catalog/buyonline.do","https://www.officedepot.com/images/us/od/common/info-blue.png","","","","","javascript:common_utils.popOpenWindow('http://www.officedepot.com/catalog/assemblyInstructions.do?id=836787&sid=enb-SEsmObdAqN2gWb03B79eCCN&odserver=www.officedepot.com%27,%27height=600,width=800,scrollbars=no,resizable=no,status=no,toolbar=no%27)","https://www.officedepot.com/images/us/od/entities/75470_entity-assembly-instructions.gif"
"https://officedepot.tagdelivery.com/impression?id=cffed5de-4630-4d94-8665-68a93f6af2bf&x=qYSqHcFhW-0XuzJR37-lckvXkPvn-JEGnwhNzEWSl9c1Y4KCNRSJtgqNbCVtqL8b3tqKduvq9SrTAVzGDIGjxrj9VwZCLJsdo_ZNViAvdoVK1xE2s3pq62n1EBf5_-s1-3Z3-d8LyLoO6rhPjQkTpDbG8cWd_dSRi_EVDmtT1Z8LKQt4lrxVdn-fY9rAi_wWIEd3d9p1lJC2J5YEpYviqfLUolehEf47b300jEbdfb8V1NBfK1eJRUT7rf4HBmZFLfUQxup82Ln3zeEyg7yW5AIZwBM9PNf9oDoCAhdjsSnk6jMdc4fVwud8vrvdHftgam8KfGpY1uQ3Ejf4ZnYVNt-9L_ogX8pCuJ8mgrCJoXRzMq6_ysBzvIavAcn2fQdy8NOXtatIiRo_u6dHQQ1hCFODGis0C7-TsnfHZdpsj36_gZkc8ggM1EdHP3NwNjhN0_NW9tjd3J1IgG19cioLRloakGelG2zbZx7MK8RFK5vaCmtNRGaXafkrMv6yeAIq4mrBwGGHoxBMo_0nAZvGXlp3a0pR4Z9B22oRZ8k4MLlJhy2bWzIE3e046ynKayALL0Y-8nhj2KDV_T3G31icAg%3D%3D","https://officedepot.tagdelivery.com/click?id=cffed5de-4630-4d94-8665-68a93f6af2bf&x=qYSqHcFhW-0XuzJR37-lckvXkPvn-JEGnwhNzEWSl9c1Y4KCNRSJtgqNbCVtqL8b3tqKduvq9SrTAVzGDIGjxrj9VwZCLJsdo_ZNViAvdoVK1xE2s3pq62n1EBf5_-s1-3Z3-d8LyLoO6rhPjQkTpDbG8cWd_dSRi_EVDmtT1Z8LKQt4lrxVdn-fY9rAi_wWIEd3d9p1lJC2J5YEpYviqfLUolehEf47b300jEbdfb8V1NBfK1eJRUT7rf4HBmZFLfUQxup82Ln3zeEyg7yW5AIZwBM9PNf9oDoCAhdjsSnk6jMdc4fVwud8vrvdHftgam8KfGpY1uQ3Ejf4ZnYVNt-9L_ogX8pCuJ8mgrCJoXRzMq6_ysBzvIavAcn2fQdy8NOXtatIiRo_u6dHQQ1hCFODGis0C7-TsnfHZdpsj36_gZkc8ggM1EdHP3NwNjhN0_NW9tjd3J1IgG19cioLRloakGelG2zbZx7MK8RFK5vaCmtNRGaXafkrMv6yeAIq4mrBwGGHoxBMo_0nAZvGXlp3a0pR4Z9B22oRZ8k4MLlJhy2bWzIE3e046ynKayALL0Y-8nhj2KDV_T3G31icAg%3D%3D&redirect=https://www.officedepot.com/catalog/catalogSku.do?id=366426","Sponsored","https://media.officedepot.com/images/t_search,f_auto/products/366426/Deflect-O-Polycarbonate-Chair-Mat-For","Item
                                
                                    366426","https://officedepot.tagdelivery.com/click?id=cffed5de-4630-4d94-8665-68a93f6af2bf&x=qYSqHcFhW-0XuzJR37-lckvXkPvn-JEGnwhNzEWSl9c1Y4KCNRSJtgqNbCVtqL8b3tqKduvq9SrTAVzGDIGjxrj9VwZCLJsdo_ZNViAvdoVK1xE2s3pq62n1EBf5_-s1-3Z3-d8LyLoO6rhPjQkTpDbG8cWd_dSRi_EVDmtT1Z8LKQt4lrxVdn-fY9rAi_wWIEd3d9p1lJC2J5YEpYviqfLUolehEf47b300jEbdfb8V1NBfK1eJRUT7rf4HBmZFLfUQxup82Ln3zeEyg7yW5AIZwBM9PNf9oDoCAhdjsSnk6jMdc4fVwud8vrvdHftgam8KfGpY1uQ3Ejf4ZnYVNt-9L_ogX8pCuJ8mgrCJoXRzMq6_ysBzvIavAcn2fQdy8NOXtatIiRo_u6dHQQ1hCFODGis0C7-TsnfHZdpsj36_gZkc8ggM1EdHP3NwNjhN0_NW9tjd3J1IgG19cioLRloakGelG2zbZx7MK8RFK5vaCmtNRGaXafkrMv6yeAIq4mrBwGGHoxBMo_0nAZvGXlp3a0pR4Z9B22oRZ8k4MLlJhy2bWzIE3e046ynKayALL0Y-8nhj2KDV_T3G31icAg%3D%3D&redirect=https://www.officedepot.com/catalog/catalogSku.do?id=366426","(5)","Deflect-O® Polycarbonate Chair Mat For Pile Carpets, 45""W x 53""D, Clear","$","/","for Deflect-O® Polycarbonate Chair Mat For Pile Carpets, 45""W x 53""D, Clear","Eco-conscious","https://www.officedepot.com/catalog/responsive/iconlegend.do","https://www.officedepot.com/images/us/od/common/eco_concious.jpg","","","","","","","","","","","","","","","","","","","","","","","","",""
"https://media.officedepot.com/images/t_search,f_auto/products/559623/Serta-iComfort-i5000-Ergonomic-Bonded-Leather","https://www.officedepot.com/a/products/559623/Serta-iComfort-i5000-Ergonomic-Bonded-Leather/","","","Item
                                
                                    559623","","(624)","Serta® iComfort i5000 Ergonomic Bonded Leather High-Back Executive Chair, Onyx B...","$649.99","/ each","4.4 out of 5 stars. 624 reviews","","","","","","","https://www.officedepot.com/a/products/559623/Serta-iComfort-i5000-Ergonomic-Bonded-Leather/","https://www.officedepot.com/a/browse/ergonomic-office-chairs/N=5+593065&amp;cbxRefine=1429832/","https://sb.monetate.net/img/1/407/4196501.png","https://www.officedepot.com/catalog/catalogSku.do?id=559623&showReviews=true&#skuTabNavigation","4.4 out of 5 stars. 624 reviews","","","","","for Serta® iComfort i5000 Ergonomic Bonded Leather High-Back Executive Chair, Onyx B...","Free delivery","https://www.officedepot.com/images/us/od/common/check-green-v2.png","https://www.officedepot.com/images/us/od/common/check-green-v2.png","Free Store Pickup in 20 Minutes","https://www.officedepot.com/catalog/buyonline.do","https://www.officedepot.com/images/us/od/common/info-blue.png","","","","","javascript:common_utils.popOpenWindow('http://www.officedepot.com/catalog/assemblyInstructions.do?id=559623&sid=enb-SEsmObdAqN2gWb03B79eCCN&odserver=www.officedepot.com%27,%27height=600,width=800,scrollbars=no,resizable=no,status=no,toolbar=no%27)","https://www.officedepot.com/images/us/od/entities/75470_entity-assembly-instructions.gif"
"https://media.officedepot.com/images/t_search,f_auto/products/8085683/Shaquille-ONeal-Amphion-Ergonomic-Bonded-Leather","https://www.officedepot.com/a/products/8085683/Shaquille-ONeal-Amphion-Ergonomic-Bonded-Leather/","","","Item
                                
                                    8085683","","(356)","Shaquille O'Neal™ Amphion Ergonomic Bonded Leather High-Back Executive Chair, Gr...","$449.99","/ each","4.3 out of 5 stars. 356 reviews","Eco-conscious","https://www.officedepot.com/catalog/responsive/iconlegend.do","https://www.officedepot.com/images/us/od/common/eco_concious.jpg","","","","https://www.officedepot.com/a/products/8085683/Shaquille-ONeal-Amphion-Ergonomic-Bonded-Leather/","https://www.officedepot.com/a/browse/ergonomic-office-chairs/N=5+593065&amp;cbxRefine=1429832/","https://sb.monetate.net/img/1/407/4196501.png","https://www.officedepot.com/catalog/catalogSku.do?id=8085683&showReviews=true&#skuTabNavigation","4.3 out of 5 stars. 356 reviews","","","","","for Shaquille O'Neal™ Amphion Ergonomic Bonded Leather High-Back Executive Chair, Gr...","Free delivery","https://www.officedepot.com/images/us/od/common/check-green-v2.png","https://www.officedepot.com/images/us/od/common/check-green-v2.png","Free Store Pickup in 20 Minutes","https://www.officedepot.com/catalog/buyonline.do","https://www.officedepot.com/images/us/od/common/info-blue.png","Order by 5pm and get it today","https://www.officedepot.com/images/us/od/icon_same_day_delivery.png","https://www.officedepot.com/samedaydelivery","https://www.officedepot.com/images/us/od/common/info-blue.png","javascript:common_utils.popOpenWindow('http://www.officedepot.com/catalog/assemblyInstructions.do?id=8085683&sid=enb-SEsmObdAqN2gWb03B79eCCN&odserver=www.officedepot.com%27,%27height=600,width=800,scrollbars=no,resizable=no,status=no,toolbar=no%27)","https://www.officedepot.com/images/us/od/entities/75470_entity-assembly-instructions.gif"
"https://officedepot.tagdelivery.com/impression?id=f25c9761-4b62-485d-aae0-156b21124533&x=EcDBV4DVyAtCShbgqL3iMVfXXAPi_zORTpw4J6apEbRxcHGicbInnrCs2SCUrQ62GMpquZZkLsC2fLRSqqKpjQ2JFkrv_G3m0iasg5IxlRONldjoZf8ettFv9wuqAk5zoZ-p_763cnvkouDAyGZ3QoWrpCYC_FZCwhzxUJa1qvllBi_6kM1CVjgyWt28PXwB2RVO6Qn3pLKtXV54dHLPWnTCYrZ-VqAWgw7rNnT6BmumYTUcTAbupHSRDQxm1klHzYcg6noruPk7ugtUUPX0DoXiKByIFlEYnMosw6gx4WX2E3iaZTpafjv8yM-zSqEy9qbm-MCac2lKQ2Ajxt3qNWmhGLy9fJQ_Ib_kyCLfRaew4dOi1OYBEaQzCUJCnCf-Y7sFk7jGM5X1azgIgbCTQb7Em0rwAlCCerflBsf-7qBS7V4WWRhvwwbbvjfZOgZxAFjhUAJGMO0Myefs0vPB4jNbHXT-mFf1ffgsjqW7Y3Iab6UBEljrdEPHAJqtOUbNvcfpU_BR-bek5Dykl_yLahUlN0NSIUAxbD3j17OVRvLkZX2kxhEXijQ2tExcGTrE8g2IZAcRPCZvWOKPcTNjpg%3D%3D","https://officedepot.tagdelivery.com/click?id=f25c9761-4b62-485d-aae0-156b21124533&x=EcDBV4DVyAtCShbgqL3iMVfXXAPi_zORTpw4J6apEbRxcHGicbInnrCs2SCUrQ62GMpquZZkLsC2fLRSqqKpjQ2JFkrv_G3m0iasg5IxlRONldjoZf8ettFv9wuqAk5zoZ-p_763cnvkouDAyGZ3QoWrpCYC_FZCwhzxUJa1qvllBi_6kM1CVjgyWt28PXwB2RVO6Qn3pLKtXV54dHLPWnTCYrZ-VqAWgw7rNnT6BmumYTUcTAbupHSRDQxm1klHzYcg6noruPk7ugtUUPX0DoXiKByIFlEYnMosw6gx4WX2E3iaZTpafjv8yM-zSqEy9qbm-MCac2lKQ2Ajxt3qNWmhGLy9fJQ_Ib_kyCLfRaew4dOi1OYBEaQzCUJCnCf-Y7sFk7jGM5X1azgIgbCTQb7Em0rwAlCCerflBsf-7qBS7V4WWRhvwwbbvjfZOgZxAFjhUAJGMO0Myefs0vPB4jNbHXT-mFf1ffgsjqW7Y3Iab6UBEljrdEPHAJqtOUbNvcfpU_BR-bek5Dykl_yLahUlN0NSIUAxbD3j17OVRvLkZX2kxhEXijQ2tExcGTrE8g2IZAcRPCZvWOKPcTNjpg%3D%3D&redirect=https://www.officedepot.com/catalog/catalogSku.do?id=8759756","Sponsored","https://media.officedepot.com/images/t_search,f_auto/products/8759756/Deflect-O-Premium-Glass-Chair-Mat","Item
                                
                                    8759756","https://officedepot.tagdelivery.com/click?id=f25c9761-4b62-485d-aae0-156b21124533&x=EcDBV4DVyAtCShbgqL3iMVfXXAPi_zORTpw4J6apEbRxcHGicbInnrCs2SCUrQ62GMpquZZkLsC2fLRSqqKpjQ2JFkrv_G3m0iasg5IxlRONldjoZf8ettFv9wuqAk5zoZ-p_763cnvkouDAyGZ3QoWrpCYC_FZCwhzxUJa1qvllBi_6kM1CVjgyWt28PXwB2RVO6Qn3pLKtXV54dHLPWnTCYrZ-VqAWgw7rNnT6BmumYTUcTAbupHSRDQxm1klHzYcg6noruPk7ugtUUPX0DoXiKByIFlEYnMosw6gx4WX2E3iaZTpafjv8yM-zSqEy9qbm-MCac2lKQ2Ajxt3qNWmhGLy9fJQ_Ib_kyCLfRaew4dOi1OYBEaQzCUJCnCf-Y7sFk7jGM5X1azgIgbCTQb7Em0rwAlCCerflBsf-7qBS7V4WWRhvwwbbvjfZOgZxAFjhUAJGMO0Myefs0vPB4jNbHXT-mFf1ffgsjqW7Y3Iab6UBEljrdEPHAJqtOUbNvcfpU_BR-bek5Dykl_yLahUlN0NSIUAxbD3j17OVRvLkZX2kxhEXijQ2tExcGTrE8g2IZAcRPCZvWOKPcTNjpg%3D%3D&redirect=https://www.officedepot.com/catalog/catalogSku.do?id=8759756","(4)","Deflect-O Premium Glass Chair Mat, 36""W x 46""D, Clear","$","/","for Deflect-O Premium Glass Chair Mat, 36""W x 46""D, Clear","","","","","","","","","","","","","","","","","","","","","","","","","","","",""
"https://media.officedepot.com/images/t_search,f_auto/products/7741114/WorkPro-4000-Series-Multifunction-Ergonomic-MeshFabric","https://www.officedepot.com/a/products/7741114/WorkPro-4000-Series-Multifunction-Ergonomic-MeshFabric/","","","Item
                                
                                    7741114","","(285)","WorkPro® 4000 Series Multifunction Ergonomic Mesh/Fabric High-Back Executive Cha...","$349.99","","4.5 out of 5 stars. 285 reviews","Eco-conscious","https://www.officedepot.com/catalog/responsive/iconlegend.do","https://www.officedepot.com/images/us/od/common/eco_concious.jpg","","","","https://www.officedepot.com/a/products/7741114/WorkPro-4000-Series-Multifunction-Ergonomic-MeshFabric/","https://www.officedepot.com/a/browse/ergonomic-office-chairs/N=5+593065&amp;cbxRefine=1429832/","https://sb.monetate.net/img/1/407/4196420.png","https://www.officedepot.com/catalog/catalogSku.do?id=7741114&showReviews=true&#skuTabNavigation","4.5 out of 5 stars. 285 reviews","$419.99","each
						       (Reg)","Sale","(Save $70)","for WorkPro® 4000 Series Multifunction Ergonomic Mesh/Fabric High-Back Executive Cha...","Free delivery","https://www.officedepot.com/images/us/od/common/check-green-v2.png","https://www.officedepot.com/images/us/od/common/check-green-v2.png","Free Store Pickup in 20 Minutes","https://www.officedepot.com/catalog/buyonline.do","https://www.officedepot.com/images/us/od/common/info-blue.png","","","","","javascript:common_utils.popOpenWindow('http://www.officedepot.com/catalog/assemblyInstructions.do?id=7741114&sid=enb-SEsmObdAqN2gWb03B79eCCN&odserver=www.officedepot.com%27,%27height=600,width=800,scrollbars=no,resizable=no,status=no,toolbar=no%27)","https://www.officedepot.com/images/us/od/entities/75470_entity-assembly-instructions.gif"
"https://media.officedepot.com/images/t_search,f_auto/products/304601/Serta-Smart-Layers-Hensley-Big-Tall","https://www.officedepot.com/a/products/304601/Serta-Smart-Layers-Hensley-Big-Tall/","","","Item
                                
                                    304601","","(1529)","Serta® Smart Layers™ Hensley Big & Tall Ergonomic Bonded Leather High-Back C...","$499.99","/ each","4.3 out of 5 stars. 1529 reviews","Eco-conscious","https://www.officedepot.com/catalog/responsive/iconlegend.do","https://www.officedepot.com/images/us/od/common/eco_concious.jpg","","","","https://www.officedepot.com/a/products/304601/Serta-Smart-Layers-Hensley-Big-Tall/","https://www.officedepot.com/a/browse/ergonomic-office-chairs/N=5+593065&amp;cbxRefine=1429832/","https://sb.monetate.net/img/1/407/4196501.png","https://www.officedepot.com/catalog/catalogSku.do?id=304601&showReviews=true&#skuTabNavigation","4.3 out of 5 stars. 1529 reviews","","","","","for Serta® Smart Layers™ Hensley Big & Tall Ergonomic Bonded Leather High-Back C...","Free delivery","https://www.officedepot.com/images/us/od/common/check-green-v2.png","https://www.officedepot.com/images/us/od/common/check-green-v2.png","Free Store Pickup in 20 Minutes","https://www.officedepot.com/catalog/buyonline.do","https://www.officedepot.com/images/us/od/common/info-blue.png","","","","","javascript:common_utils.popOpenWindow('http://www.officedepot.com/catalog/assemblyInstructions.do?id=304601&sid=enb-SEsmObdAqN2gWb03B79eCCN&odserver=www.officedepot.com%27,%27height=600,width=800,scrollbars=no,resizable=no,status=no,toolbar=no%27)","https://www.officedepot.com/images/us/od/entities/75470_entity-assembly-instructions.gif"
"https://officedepot.tagdelivery.com/impression?id=be2605bf-e8a1-4163-9973-6ca586a48ea0&x=cLeqkYjFx-5rkrJryMkwQoCcTyJz1Pyz5hASQUIEAXNVXzXAXrApD7TI1bhE6ns2uI60P_8MvTn8pIF_FzLuRFY0igMPK4Os8ehwxc24-FBLH1y6pUIa8_Q9L-8keH6ahJpyWbC_zsb2k_4FkiI539Crh1xO6eEgaBP2slA_saQLnhaSvkamQOh537Z2KJY1Lj9ZORdI0tyugDsQyqofSAgRJ_ibGpDKRJmtYjO0y_iygG2nJaMYZ-lJKqaQiGc9vZWDF-uZ2P5_fSdtcipsumyiyFyw2QDaOaoEwmWq4fa_s-SrroOcG8h4m8NBjCMj6bU7Rr1CF9vYKkU_pCOXWOeiJ03ydXvYMTphhLQx9vpBNaYadXxMpp89sjDFjfqh4RtzCFPef1aOr-wUB0tfVd3uzVjtGIzTMRs5CZSz4Kw9cId4RuJgTU_jGJd0fP5b48t-H4pFsRJzPmwY1l3Pwc6tpX6jMAuIxKB8PZ-XjfmkhaxggKcQSS3-T6vffM2yWA45HfW5VN7O1EFEUbeJWol0eJyxvdw-RHNUtdMHpxBi9PH--pERgtP-vkg5K-7XAt1nB1ZJeroT8zP404U0JQ%3D%3D","https://officedepot.tagdelivery.com/click?id=be2605bf-e8a1-4163-9973-6ca586a48ea0&x=cLeqkYjFx-5rkrJryMkwQoCcTyJz1Pyz5hASQUIEAXNVXzXAXrApD7TI1bhE6ns2uI60P_8MvTn8pIF_FzLuRFY0igMPK4Os8ehwxc24-FBLH1y6pUIa8_Q9L-8keH6ahJpyWbC_zsb2k_4FkiI539Crh1xO6eEgaBP2slA_saQLnhaSvkamQOh537Z2KJY1Lj9ZORdI0tyugDsQyqofSAgRJ_ibGpDKRJmtYjO0y_iygG2nJaMYZ-lJKqaQiGc9vZWDF-uZ2P5_fSdtcipsumyiyFyw2QDaOaoEwmWq4fa_s-SrroOcG8h4m8NBjCMj6bU7Rr1CF9vYKkU_pCOXWOeiJ03ydXvYMTphhLQx9vpBNaYadXxMpp89sjDFjfqh4RtzCFPef1aOr-wUB0tfVd3uzVjtGIzTMRs5CZSz4Kw9cId4RuJgTU_jGJd0fP5b48t-H4pFsRJzPmwY1l3Pwc6tpX6jMAuIxKB8PZ-XjfmkhaxggKcQSS3-T6vffM2yWA45HfW5VN7O1EFEUbeJWol0eJyxvdw-RHNUtdMHpxBi9PH--pERgtP-vkg5K-7XAt1nB1ZJeroT8zP404U0JQ%3D%3D&redirect=https://www.officedepot.com/catalog/catalogSku.do?id=450397","Sponsored","https://media.officedepot.com/images/t_search,f_auto/products/450397/Deflect-O-Execumat-Heavy-Duty-Vinyl","Item
                                
                                    450397","https://officedepot.tagdelivery.com/click?id=be2605bf-e8a1-4163-9973-6ca586a48ea0&x=cLeqkYjFx-5rkrJryMkwQoCcTyJz1Pyz5hASQUIEAXNVXzXAXrApD7TI1bhE6ns2uI60P_8MvTn8pIF_FzLuRFY0igMPK4Os8ehwxc24-FBLH1y6pUIa8_Q9L-8keH6ahJpyWbC_zsb2k_4FkiI539Crh1xO6eEgaBP2slA_saQLnhaSvkamQOh537Z2KJY1Lj9ZORdI0tyugDsQyqofSAgRJ_ibGpDKRJmtYjO0y_iygG2nJaMYZ-lJKqaQiGc9vZWDF-uZ2P5_fSdtcipsumyiyFyw2QDaOaoEwmWq4fa_s-SrroOcG8h4m8NBjCMj6bU7Rr1CF9vYKkU_pCOXWOeiJ03ydXvYMTphhLQx9vpBNaYadXxMpp89sjDFjfqh4RtzCFPef1aOr-wUB0tfVd3uzVjtGIzTMRs5CZSz4Kw9cId4RuJgTU_jGJd0fP5b48t-H4pFsRJzPmwY1l3Pwc6tpX6jMAuIxKB8PZ-XjfmkhaxggKcQSS3-T6vffM2yWA45HfW5VN7O1EFEUbeJWol0eJyxvdw-RHNUtdMHpxBi9PH--pERgtP-vkg5K-7XAt1nB1ZJeroT8zP404U0JQ%3D%3D&redirect=https://www.officedepot.com/catalog/catalogSku.do?id=450397","(49)","Deflect-O Execumat Heavy-Duty Vinyl Chair Mat For High-Pile Carpets, 46"" x 60"", ...","$","/","for Deflect-O Execumat Heavy-Duty Vinyl Chair Mat For High-Pile Carpets, 46"" x 60"", ...","Eco-conscious","https://www.officedepot.com/catalog/responsive/iconlegend.do","https://www.officedepot.com/images/us/od/common/eco_concious.jpg","Recycled content","https://www.officedepot.com/catalog/responsive/iconlegend.do","https://www.officedepot.com/images/us/od/common/eco_concious_recycle.jpg","","","","","","","","","","","","","","","","","","","","","",""
"https://media.officedepot.com/images/t_search,f_auto/products/7412853/Serta-Smart-Layers-Siena-Bonded-Leather","https://www.officedepot.com/a/products/7412853/Serta-Smart-Layers-Siena-Bonded-Leather/","","","Item
                                
                                    7412853","","(751)","Serta® Smart Layers™ Siena Bonded Leather Mid-Back Manager's Chair, Black","$239.99","","4.5 out of 5 stars. 751 reviews","Eco-conscious","https://www.officedepot.com/catalog/responsive/iconlegend.do","https://www.officedepot.com/images/us/od/common/eco_concious.jpg","","","","https://www.officedepot.com/a/products/7412853/Serta-Smart-Layers-Siena-Bonded-Leather/","https://www.officedepot.com/a/browse/ergonomic-office-chairs/N=5+593065&amp;cbxRefine=1429832/","https://sb.monetate.net/img/1/407/4196501.png","https://www.officedepot.com/catalog/catalogSku.do?id=7412853&showReviews=true&#skuTabNavigation","4.5 out of 5 stars. 751 reviews","$359.99","each
						       (Reg)","Sale","(Save $120)","for Serta® Smart Layers™ Siena Bonded Leather Mid-Back Manager's Chair, Black","Free delivery","https://www.officedepot.com/images/us/od/common/check-green-v2.png","https://www.officedepot.com/images/us/od/common/check-green-v2.png","Free Store Pickup in 20 Minutes","https://www.officedepot.com/catalog/buyonline.do","https://www.officedepot.com/images/us/od/common/info-blue.png","Order by 5pm and get it today","https://www.officedepot.com/images/us/od/icon_same_day_delivery.png","https://www.officedepot.com/samedaydelivery","https://www.officedepot.com/images/us/od/common/info-blue.png","javascript:common_utils.popOpenWindow('http://www.officedepot.com/catalog/assemblyInstructions.do?id=7412853&sid=enb-SEsmObdAqN2gWb03B79eCCN&odserver=www.officedepot.com%27,%27height=600,width=800,scrollbars=no,resizable=no,status=no,toolbar=no%27)","https://www.officedepot.com/images/us/od/entities/75470_entity-assembly-instructions.gif"
"https://media.officedepot.com/images/t_search,f_auto/products/6356490/WorkPro-12000-Series-Ergonomic-Mesh-High","https://www.officedepot.com/a/products/6356490/WorkPro-12000-Series-Ergonomic-Mesh-High/","","","Item
                                
                                    6356490","","(593)","WorkPro® 12000 Series Ergonomic Mesh High-Back Executive Chair, Black/Chrome","$549.99","","4.5 out of 5 stars. 593 reviews","Eco-conscious","https://www.officedepot.com/catalog/responsive/iconlegend.do","https://www.officedepot.com/images/us/od/common/eco_concious.jpg","","","","https://www.officedepot.com/a/products/6356490/WorkPro-12000-Series-Ergonomic-Mesh-High/","https://www.officedepot.com/a/browse/ergonomic-office-chairs/N=5+593065&amp;cbxRefine=1429832/","https://sb.monetate.net/img/1/407/4196420.png","https://www.officedepot.com/catalog/catalogSku.do?id=6356490&showReviews=true&#skuTabNavigation","4.5 out of 5 stars. 593 reviews","$629.99","each
						       (Reg)","Sale","(Save $80)","for WorkPro® 12000 Series Ergonomic Mesh High-Back Executive Chair, Black/Chrome","Free delivery","https://www.officedepot.com/images/us/od/common/check-green-v2.png","","","","","","","","","",""
"https://officedepot.tagdelivery.com/impression?id=270b9efe-5a19-41eb-b5e0-c49318bf6766&x=Q7LPRtbClla1P1-IHm8IogSVu-KYrLDwaOnrK2l9FCqCD5z8xwc5yWnYdhhYq6sO_kgYLmkG000_v_IX4Gdm8-2ndUtRQE9wj-R51ZEYw4Db3iC681UW8NlI3sBldtklQGVTi0_VpOo9fhWpHui23sQv-rOtYMUNxeOgNSZbFC3fH0aLHxoNHdeteMuDkbUeVKUz6mFyUGW83Jb1-szAWdHe25GSiOe2uBWzt8DtGiHYPeATHTS38KnfbcQ0-PMwqDKnK-usPRMBzWdWgH7lC0Vp7PtaSTUy4NFzn4IQbO8Pe8yeXi8739oPxG0qJlXbYhKu0wzAvhlcl1BY_PgeWlD29e5C04j0f87Byj2J5h62JNKsVUoF6lwmQytxjOB8mjZwJdmr2bX6SyeyERI0lQg2zgm8M_EPV16tUZs9gP7nIb5TDuYJBsCxwaDEEP4iQ9vdof_sjpzUbjzOcJAzuxwl_mArmRmwtXNLtzqb7IHMfBOYD7JiS8wrB6na8rXuOvWbGBQhfXM1wmIJJn133HYEgmc9ZHX6BXfG1AB-pL_AD9DNaj_A_Y_8427ESibM_Mpw9_Rmsw47GVfF1_WBZA%3D%3D","https://officedepot.tagdelivery.com/click?id=270b9efe-5a19-41eb-b5e0-c49318bf6766&x=Q7LPRtbClla1P1-IHm8IogSVu-KYrLDwaOnrK2l9FCqCD5z8xwc5yWnYdhhYq6sO_kgYLmkG000_v_IX4Gdm8-2ndUtRQE9wj-R51ZEYw4Db3iC681UW8NlI3sBldtklQGVTi0_VpOo9fhWpHui23sQv-rOtYMUNxeOgNSZbFC3fH0aLHxoNHdeteMuDkbUeVKUz6mFyUGW83Jb1-szAWdHe25GSiOe2uBWzt8DtGiHYPeATHTS38KnfbcQ0-PMwqDKnK-usPRMBzWdWgH7lC0Vp7PtaSTUy4NFzn4IQbO8Pe8yeXi8739oPxG0qJlXbYhKu0wzAvhlcl1BY_PgeWlD29e5C04j0f87Byj2J5h62JNKsVUoF6lwmQytxjOB8mjZwJdmr2bX6SyeyERI0lQg2zgm8M_EPV16tUZs9gP7nIb5TDuYJBsCxwaDEEP4iQ9vdof_sjpzUbjzOcJAzuxwl_mArmRmwtXNLtzqb7IHMfBOYD7JiS8wrB6na8rXuOvWbGBQhfXM1wmIJJn133HYEgmc9ZHX6BXfG1AB-pL_AD9DNaj_A_Y_8427ESibM_Mpw9_Rmsw47GVfF1_WBZA%3D%3D&redirect=https://www.officedepot.com/catalog/catalogSku.do?id=709884","Sponsored","https://media.officedepot.com/images/t_search,f_auto/products/709884/Deflect-O-Ergonomic-Sit-Stand-Chair","Item
                                
                                    709884","https://officedepot.tagdelivery.com/click?id=270b9efe-5a19-41eb-b5e0-c49318bf6766&x=Q7LPRtbClla1P1-IHm8IogSVu-KYrLDwaOnrK2l9FCqCD5z8xwc5yWnYdhhYq6sO_kgYLmkG000_v_IX4Gdm8-2ndUtRQE9wj-R51ZEYw4Db3iC681UW8NlI3sBldtklQGVTi0_VpOo9fhWpHui23sQv-rOtYMUNxeOgNSZbFC3fH0aLHxoNHdeteMuDkbUeVKUz6mFyUGW83Jb1-szAWdHe25GSiOe2uBWzt8DtGiHYPeATHTS38KnfbcQ0-PMwqDKnK-usPRMBzWdWgH7lC0Vp7PtaSTUy4NFzn4IQbO8Pe8yeXi8739oPxG0qJlXbYhKu0wzAvhlcl1BY_PgeWlD29e5C04j0f87Byj2J5h62JNKsVUoF6lwmQytxjOB8mjZwJdmr2bX6SyeyERI0lQg2zgm8M_EPV16tUZs9gP7nIb5TDuYJBsCxwaDEEP4iQ9vdof_sjpzUbjzOcJAzuxwl_mArmRmwtXNLtzqb7IHMfBOYD7JiS8wrB6na8rXuOvWbGBQhfXM1wmIJJn133HYEgmc9ZHX6BXfG1AB-pL_AD9DNaj_A_Y_8427ESibM_Mpw9_Rmsw47GVfF1_WBZA%3D%3D&redirect=https://www.officedepot.com/catalog/catalogSku.do?id=709884","(1)","Deflect-O® Ergonomic Sit-Stand® Chair Mat For All Pile and Hard Floors, 46"" x 60...","$","/","for Deflect-O® Ergonomic Sit-Stand® Chair Mat For All Pile and Hard Floors, 46"" x 60...","","","","","","","","","","","","","","","","","","","","","","","","","","","",""