"absolute href","w_Bq","absolute src","normal","sans-serif","w_Bq 2","w_Fi","mr1","w_Bq 3","w_BQ"
"https://www.walmart.com/ip/Dell-G15-15-6-FHD-120Hz-Gaming-Notebook-AMD-Ryzen-7-5800H-NVIDIA-GeForce-RTX-3050-Ti-8GB-RAM-512GB-PCIe-SSD-Phantom-Grey-Windows-11-Home/962743265","Dell G15 15.6"" FHD 120Hz Gaming Notebook, AMD Ryzen 7 5800H, NVIDIA GeForce RTX 3050 Ti, 8GB RAM, 512GB PCIe SSD, Phantom Grey, Windows 11 Home","https://i5.walmartimages.com/asr/6b4c88b9-1434-4009-a150-18baf1baf93e.327473bd3a3394d700b39ca5301dfdee.jpeg?odnHeight=580&odnWidth=580&odnBg=FFFFFF","Dell G15 15.6"" FHD 120Hz Gaming Notebook, AMD Ryzen 7 5800H, NVIDIA GeForce RTX 3050 Ti, 8GB RAM, 512GB PCIe SSD, Phantom Grey, Windows 11 Home","1","5 out of 5 Stars. 1 reviews","3+ day shipping","$848.00","current price $848.00",""
"https://www.walmart.com/ip/Recertified-Dell-ALIENWARE-17-R3-FHD-Gaming-Laptop-Intel-Core-i7-6820HK-2-70Ghz-16GB-Ram-256GB-SSD-1TB-HD-Nvidia-GTX-980M-4GB-WIN-10-Pro-Grade-A/45733887","Recertified Dell ALIENWARE 17 R3 FHD Gaming Laptop ( Intel Core i7-6820HK 2.70Ghz, 16GB Ram, 256GB SSD + 1TB HD, Nvidia GTX 980M 4GB, WIN 10 Pro ) Grade A","https://i5.walmartimages.com/asr/64e3d76d-2970-44a4-bc1c-2c27c664a155.f207869ce452cb14750190bac79ef9aa.jpeg?odnHeight=580&odnWidth=580&odnBg=FFFFFF","Recertified Dell ALIENWARE 17 R3 FHD Gaming Laptop ( Intel Core i7-6820HK 2.70Ghz, 16GB Ram, 256GB SSD + 1TB HD, Nvidia GTX 980M 4GB, WIN 10 Pro ) Grade A","","was $1,621.61","3+ day shipping","Now $999.90","current price Now $999.90","Add to cart"
"https://www.walmart.com/ip/Dell-G15-Ryzen-Edition-Gaming-15-Laptop-15-6-FHD-120Hz-Anti-glare-Display-AMD-Hexa-Core-5-5600H-8GB-DDR4-256GB-SSD-GeFore-RTX-3050-4GB-Backlit-Keyboa/667300221","Dell G15 Ryzen Edition Gaming 15 Laptop 15.6"" FHD 120Hz Anti-glare Display AMD Hexa-Core Ryzen 5 5600H 8GB DDR4 256GB SSD GeFore RTX 3050 4GB Backlit Keyboard HDMI USB-C WIFI6 Win10 Grey","https://i5.walmartimages.com/asr/b4cac18c-5cec-433a-aa25-e42907c3f3d4.e8f288da3032efcbd0195d44cf868d2c.jpeg?odnHeight=580&odnWidth=580&odnBg=FFFFFF","Dell G15 Ryzen Edition Gaming 15 Laptop 15.6"" FHD 120Hz Anti-glare Display AMD Hexa-Core Ryzen 5 5600H 8GB DDR4 256GB SSD GeFore RTX 3050 4GB Backlit Keyboard HDMI USB-C WIFI6 Win10 Grey","","","3+ day shipping","$961.95","current price $961.95",""
"https://www.walmart.com/ip/Dell-Gaming-Inspiron-15-G7-15-6-UHD-Intel-Core-i7-16GB-Memory-512-GB-SSD-NVIDIA-GeForce-GTX-1060/360661508","Dell - Gaming - Inspiron 15 G7 15.6"" UHD - Intel Core i7 - 16GB Memory - 512 GB SSD - NVIDIA GeForce GTX 1060","https://i5.walmartimages.com/asr/c5e620f8-e5cb-4b99-8e6b-f43058bf4968_1.6b659f41539a5c99a20daa9767b2b1f6.jpeg?odnHeight=580&odnWidth=580&odnBg=FFFFFF","Dell - Gaming - Inspiron 15 G7 15.6"" UHD - Intel Core i7 - 16GB Memory - 512 GB SSD - NVIDIA GeForce GTX 1060","4483","4.2 out of 5 Stars. 4483 reviews","3+ day shipping","$1,349.99","current price $1,349.99","Add to cart"
"https://www.walmart.com/ip/Dell-G5-15-5590-Gaming-Laptop-15-6-Intel-Core-i5-9300H-8GB-RAM-128GB-SSD-NVIDIA-GeForce-GTX-1650-G5590-5933WHT-PUS/912119899","Dell G5 15 5590 Gaming Laptop, 15.6'', Intel Core i5-9300H, 8GB RAM, 128GB SSD, NVIDIA GeForce GTX 1650, G5590-5933WHT-PUS","https://i5.walmartimages.com/asr/d32eb97f-db57-46f0-9f91-5d45dc140400_1.7154f5825dd30d07cd97b80c07f4f787.jpeg?odnHeight=580&odnWidth=580&odnBg=FFFFFF","Dell G5 15 5590 Gaming Laptop, 15.6'', Intel Core i5-9300H, 8GB RAM, 128GB SSD, NVIDIA GeForce GTX 1650, G5590-5933WHT-PUS","2166","4.2 out of 5 Stars. 2166 reviews","3+ day shipping","$899.00","current price $899.00","Add to cart"
"https://www.walmart.com/ip/Dell-G15-Ryzen-Edition-15-Premium-Gaming-Laptop-15-6-FHD-120Hz-Display-AMD-Octa-Core-7-5800H-16GB-DDR4-512GB-SSD-GeForce-RTX-3050-Ti-4GB-Backlit-Keyb/930403753","Dell G15 Ryzen Edition 15 Premium Gaming Laptop 15.6"" FHD 120Hz Display AMD Octa-Core Ryzen 7 5800H 16GB DDR4 512GB SSD GeForce RTX 3050 Ti 4GB Backlit Keyboard HDMI USB-C WiFi6 Nahimic Win11","https://i5.walmartimages.com/asr/7b6bbcb8-2e2f-436a-8168-3c881b60f7ad.835add848c05718e64458c4e12045fe1.jpeg?odnHeight=580&odnWidth=580&odnBg=FFFFFF","Dell G15 Ryzen Edition 15 Premium Gaming Laptop 15.6"" FHD 120Hz Display AMD Octa-Core Ryzen 7 5800H 16GB DDR4 512GB SSD GeForce RTX 3050 Ti 4GB Backlit Keyboard HDMI USB-C WiFi6 Nahimic Win11","1","5 out of 5 Stars. 1 reviews","3+ day shipping","$1,089.99","current price $1,089.99",""
"https://www.walmart.com/ip/Dell-Alienware-m15-R4-Gaming-Laptop-Intel-i7-10870H-8-Core-16GB-RAM-512GB-PCIe-SSD-15-6-Full-HD-1920x1080-NVIDIA-RTX-3070-Wifi-Bluetooth-Webcam-1xHDM/200429277","Dell Alienware m15 R4 Gaming Laptop (Intel i7-10870H 8-Core, 16GB RAM, 512GB PCIe SSD, 15.6"" Full HD (1920x1080), NVIDIA RTX 3070, Wifi, Bluetooth, Webcam, 1xHDMI, 1 mini Display Port, Win 10 Pro)","https://i5.walmartimages.com/asr/cb98bf24-191b-434d-8424-fc7810cd311a.39565ae75c10514391f17aae99a210d9.jpeg?odnHeight=580&odnWidth=580&odnBg=FFFFFF","Dell Alienware m15 R4 Gaming Laptop (Intel i7-10870H 8-Core, 16GB RAM, 512GB PCIe SSD, 15.6"" Full HD (1920x1080), NVIDIA RTX 3070, Wifi, Bluetooth, Webcam, 1xHDMI, 1 mini Display Port, Win 10 Pro)","","","2-day shipping","$2,169.00","current price $2,169.00",""
"https://www.walmart.com/ip/Dell-G3-15-3579-15-6-Intel-Core-i5-8300H-NVIDIA-GeForce-GTX-1050-128GB-SSD-8GB-RAM-G3579-5941BLK-PUS/239812185","Dell G3 15 3579, 15.6"", Intel Core i5-8300H, NVIDIA GeForce GTX 1050, 128GB SSD, 8GB RAM, G3579-5941BLK-PUS","https://i5.walmartimages.com/asr/626afd10-8e7b-4001-84cc-107f75f21df2_1.c460180d6af094df108ba221847db93b.jpeg?odnHeight=580&odnWidth=580&odnBg=FFFFFF","Dell G3 15 3579, 15.6"", Intel Core i5-8300H, NVIDIA GeForce GTX 1050, 128GB SSD, 8GB RAM, G3579-5941BLK-PUS","1","4 out of 5 Stars. 1 reviews","3+ day shipping","$1,099.99","current price $1,099.99","Add to cart"
"https://www.walmart.com/ip/Alienware-m15-R4-15-6-FHD-Gaming-laptop-Intel-Core-i7-16GB-Memory-Nvidia-RTX3070-512GB-Solid-State-Drive-Dark-Side-Moon-Notebook-AWM15R4-7726BLK-PUS/848925113","Alienware - m15 R4 - 15.6"" FHD Gaming laptop - Intel Core i7 - 16GB Memory - Nvidia RTX3070 - 512GB Solid State Drive - Dark Side of the Moon Notebook AWM15R4-7726BLK-PUS","https://i5.walmartimages.com/asr/f7a14de5-ab98-463a-a4b0-6eef6f67fc14.3987d4d61bdab726a452a11e878406c1.jpeg?odnHeight=580&odnWidth=580&odnBg=FFFFFF","Alienware - m15 R4 - 15.6"" FHD Gaming laptop - Intel Core i7 - 16GB Memory - Nvidia RTX3070 - 512GB Solid State Drive - Dark Side of the Moon Notebook AWM15R4-7726BLK-PUS","","","3+ day shipping","$1,879.99","current price $1,879.99","Add to cart"
"https://www.walmart.com/ip/Recertified-Dell-Alienware-15-R2-15-6-Inch-FHD-Gaming-Laptop-Intel-Core-i7-6700HQ-2-6Ghz-32GB-RAM-1TB-SSD-NVIDIA-GeForce-GTX-980M-8GB-Windows-10-Home/697834463","Recertified Dell Alienware 15 R2 15.6-Inch FHD Gaming Laptop ( Intel Core i7-6700HQ 2.6Ghz, 32GB RAM, 1TB SSD, NVIDIA GeForce GTX 980M 8GB, Windows 10 Home ) Grade A","https://i5.walmartimages.com/asr/4a684758-0658-494b-9804-0fa4b7c86029_1.550123f54d4e476e1b3a35b1e4269683.jpeg?odnHeight=580&odnWidth=580&odnBg=FFFFFF","Recertified Dell Alienware 15 R2 15.6-Inch FHD Gaming Laptop ( Intel Core i7-6700HQ 2.6Ghz, 32GB RAM, 1TB SSD, NVIDIA GeForce GTX 980M 8GB, Windows 10 Home ) Grade A","","","3+ day shipping","$899.90","current price $899.90","Add to cart"
"https://www.walmart.com/ip/Dell-G15-5510-15-6-120Hz-FHD-Gaming-Laptop-i5-10200H-8GB-512GB-RTX-3050-Ti/377467261","Dell G15 5510 15.6"" 120Hz FHD Gaming Laptop (i5-10200H 8GB 512GB RTX 3050 Ti)","https://i5.walmartimages.com/asr/91b4b102-5a02-4fcb-8438-fbcb6b16111f.ae8afa5dd45050e1abf21d4d27b54f94.jpeg?odnHeight=580&odnWidth=580&odnBg=FFFFFF","Dell G15 5510 15.6"" 120Hz FHD Gaming Laptop (i5-10200H 8GB 512GB RTX 3050 Ti)","","","3+ day shipping","$1,199.99","current price $1,199.99","Add to cart"
"https://www.walmart.com/ip/Used-Dell-M6800-Gaming-Laptop-Core-i7-2-7GHz-Quad-Core-16GB-Memory-1TB-Hard-Drive-Nvidia-Graphics-Windows-10-Pro/341448839","Used Dell M6800 Gaming Laptop Core i7 2.7GHz Quad Core 16GB Memory 1TB Hard Drive Nvidia Graphics Windows 10 Pro","https://i5.walmartimages.com/asr/7474a0be-eb18-41d8-adb9-bed7a1a2f24b_1.3a9518f39fcebaa171bb105210d0bab0.jpeg?odnHeight=580&odnWidth=580&odnBg=FFFFFF","Used Dell M6800 Gaming Laptop Core i7 2.7GHz Quad Core 16GB Memory 1TB Hard Drive Nvidia Graphics Windows 10 Pro","","","3+ day shipping","$669.00","current price $669.00","Add to cart"
"https://www.walmart.com/ip/Dell-Gaming-G15-5510-15-6-Inch-RTX-3060-Laptop-Full-HD-Intel-Core-i7-10870H-16GB-DDR4-RAM-512GB-SSD-NVIDIA-GeForce-6GB-GDDR6-Windows-10-Home-Grey-Lat/174294559","Dell Gaming G15 5510, 15.6 Inch RTX 3060 Gaming Laptop Full HD - Intel Core i7-10870H, 16GB DDR4 RAM, 512GB SSD, NVIDIA GeForce RTX 3060 6GB GDDR6, Windows 10 Home - Grey (Latest Model)","https://i5.walmartimages.com/asr/b24780ab-8939-49e3-9269-d4524de31a17.b59eda0dbb0b6d880fd93d6e8012e2c4.jpeg?odnHeight=580&odnWidth=580&odnBg=FFFFFF","Dell Gaming G15 5510, 15.6 Inch RTX 3060 Gaming Laptop Full HD - Intel Core i7-10870H, 16GB DDR4 RAM, 512GB SSD, NVIDIA GeForce RTX 3060 6GB GDDR6, Windows 10 Home - Grey (Latest Model)","","","3+ day shipping","$1,974.85","current price $1,974.85","Add to cart"
"https://www.walmart.com/ip/2020-Premium-Dell-G5-15-Flagship-Gaming-Laptop-I-15-6-nbsp-FHD-144Hz-Display-AMD-Octa-Core-Ryzen-7-4800H-4-2-GHz-32GB-DDR4-1TB-PCIe-SSD-6GB-Radeon-RX/926387016","2020 Premium Dell G5 15 Flagship Gaming Laptop I 15.6""&nbsp;FHD 144Hz Display I AMD Octa-Core Ryzen 7 4800H up to 4.2 GHz I 32GB DDR4 1TB PCIe SSD I 6GB AMD Radeon RX 5600M RGB Backlit HDMI Win 10","https://i5.walmartimages.com/asr/aac399af-38b2-4dad-8877-aeb909c9ba79.c7e206c05f364cf58df93cec37424abf.jpeg?odnHeight=580&odnWidth=580&odnBg=FFFFFF","2020 Premium Dell G5 15 Flagship Gaming Laptop I 15.6""Â FHD 144Hz Display I AMD Octa-Core Ryzen 7 4800H up to 4.2 GHz I 32GB DDR4 1TB PCIe SSD I 6GB AMD Radeon RX 5600M RGB Backlit HDMI Win 10","","","3+ day shipping","$1,599.00","current price $1,599.00",""
"https://www.walmart.com/ip/Used-Dell-Inspiron-15-7000-Series-Gaming-Edition-7567-15-6-Inch-Full-HD-Screen-Laptop-Intel-Quad-Core-i7-7700HQ-1-TB-Hybrid-HDD-16GB-DDR4-Memory-NVID/398278704","Used Dell Inspiron 15 7000 Series Gaming Edition 7567 15.6-Inch Full HD Screen Laptop - Intel Quad-Core i7-7700HQ, 1 TB Hybrid HDD, 16GB DDR4 Memory, NVIDIA GTX 1050 4GB Graphics, Windows 10","https://i5.walmartimages.com/asr/06b03dd2-799a-49e9-83c1-5f2365551682_1.30d24e9f491699f01b98df4b4a58a149.jpeg?odnHeight=580&odnWidth=580&odnBg=FFFFFF","Used Dell Inspiron 15 7000 Series Gaming Edition 7567 15.6-Inch Full HD Screen Laptop - Intel Quad-Core i7-7700HQ, 1 TB Hybrid HDD, 16GB DDR4 Memory, NVIDIA GTX 1050 4GB Graphics, Windows 10","","","3+ day shipping","$1,025.93","current price $1,025.93","Add to cart"
"https://www.walmart.com/ip/Dell-Alienware-m15-R4-Gaming-Laptop-Intel-i7-10870H-8-Core-16GB-RAM-2x4TB-PCIe-SSD-RAID-0-8TB-15-6-Full-HD-1920x1080-NVIDIA-RTX-3070-Wifi-Bluetooth-W/376863344","Dell Alienware m15 R4 Gaming Laptop (Intel i7-10870H 8-Core, 16GB RAM, 2x4TB PCIe SSD RAID 0 (8TB), 15.6"" Full HD (1920x1080), NVIDIA RTX 3070, Wifi, Bluetooth, Webcam, 1xHDMI, Win 10 Home)","https://i5.walmartimages.com/asr/cb98bf24-191b-434d-8424-fc7810cd311a.39565ae75c10514391f17aae99a210d9.jpeg?odnHeight=580&odnWidth=580&odnBg=FFFFFF","Dell Alienware m15 R4 Gaming Laptop (Intel i7-10870H 8-Core, 16GB RAM, 2x4TB PCIe SSD RAID 0 (8TB), 15.6"" Full HD (1920x1080), NVIDIA RTX 3070, Wifi, Bluetooth, Webcam, 1xHDMI, Win 10 Home)","","","3+ day shipping","$3,999.00","current price $3,999.00","Add to cart"
"https://www.walmart.com/ip/Dell-G3-15-3500-Intel-Core-i5-10300H-2-5-GHz-Win-10-Home-64-bit-GF-GTX-1650-Ti-8-GB-RAM-512-SSD-NVMe-15-6-1920-x-1080-Full-HD-120-Hz-Wi-Fi-5-black/604786516","Dell G3 15 3500 - Intel Core i5 10300H / 2.5 GHz - Win 10 Home 64-bit - GF GTX 1650 Ti - 8 GB RAM - 512 GB SSD NVMe - 15.6"" 1920 x 1080 (Full HD) @ 120 Hz - Wi-Fi 5 - black","https://i5.walmartimages.com/asr/73ca3159-d509-441e-aec2-e6ebd9707e71.1d57a540fc1ea2c3dd84f6e274f8ee7d.jpeg?odnHeight=580&odnWidth=580&odnBg=FFFFFF","Dell G3 15 3500 - Intel Core i5 10300H / 2.5 GHz - Win 10 Home 64-bit - GF GTX 1650 Ti - 8 GB RAM - 512 GB SSD NVMe - 15.6"" 1920 x 1080 (Full HD) @ 120 Hz - Wi-Fi 5 - black","5773","4.1 out of 5 Stars. 5773 reviews","3+ day shipping","$888.00","current price $888.00","Add to cart"
"https://www.walmart.com/ip/Recertified-Dell-Alienware-15-R1-15-6-Inch-FHD-Gaming-Laptop-Intel-Core-i7-4710HQ-2-50Ghz-8GB-RAM-256GB-SSD-NVIDIA-GeForce-GTX-970M-3GB-Windows-10-Pr/122720631","Recertified  Dell Alienware 15 R1 15.6-Inch FHD Gaming Laptop ( Intel Core i7-4710HQ 2.50Ghz, 8GB RAM, 256GB SSD, NVIDIA GeForce GTX 970M 3GB, Windows 10 Pro ) Grade A","https://i5.walmartimages.com/asr/4a684758-0658-494b-9804-0fa4b7c86029_1.550123f54d4e476e1b3a35b1e4269683.jpeg?odnHeight=580&odnWidth=580&odnBg=FFFFFF","Recertified  Dell Alienware 15 R1 15.6-Inch FHD Gaming Laptop ( Intel Core i7-4710HQ 2.50Ghz, 8GB RAM, 256GB SSD, NVIDIA GeForce GTX 970M 3GB, Windows 10 Pro ) Grade A","","","3+ day shipping","$799.90","current price $799.90","Add to cart"
"https://www.walmart.com/ip/Used-Dell-G7-15-7588-Intel-i7-8750H-Six-Core-Nvidia-GTX-1060-16Gb-512Gb-SSD/675439406","Used - Dell G7 15 7588 (Intel i7-8750H (Six-Core), Nvidia GTX 1060, 16Gb, 512Gb SSD)","https://i5.walmartimages.com/asr/b7873c4d-0143-4afd-a7ea-33592af925bc_1.20168c3248a03cf34b742ee7ab4ad0cb.jpeg?odnHeight=580&odnWidth=580&odnBg=FFFFFF","Used - Dell G7 15 7588 (Intel i7-8750H (Six-Core), Nvidia GTX 1060, 16Gb, 512Gb SSD)","1","5 out of 5 Stars. 1 reviews","3+ day shipping","$1,199.95","current price $1,199.95","Add to cart"
"https://www.walmart.com/ip/Used-2018-Dell-Inspiron-15-7000-Gaming-Edition-7567-Laptop-Computer-15-6-Inch-FHD-i5-7300HQ-2-5GHz-32GB-RAM-256GB-SSD-1TB-HDD-NVIDIA-GTX-1050-TI-4GB-/984458644","Used 2018 Dell Inspiron 15 7000 Gaming Edition 7567 Laptop Computer (15.6 Inch FHD i5-7300HQ 2.5GHz, 32GB RAM, 256GB SSD + 1TB HDD, NVIDIA GTX 1050 TI 4GB Graphics, Windows 10)","https://i5.walmartimages.com/asr/c64013b1-f038-486e-ad7c-9fa8d51f88de_1.ebcadb0a0a9617221244da0fa818ba1d.jpeg?odnHeight=580&odnWidth=580&odnBg=FFFFFF","Used 2018 Dell Inspiron 15 7000 Gaming Edition 7567 Laptop Computer (15.6 Inch FHD i5-7300HQ 2.5GHz, 32GB RAM, 256GB SSD + 1TB HDD, NVIDIA GTX 1050 TI 4GB Graphics, Windows 10)","","","3+ day shipping","$1,070.93","current price $1,070.93","Add to cart"
"https://www.walmart.com/ip/Dell-Alienware-15R4-Gaming-Notebook-15-6-4K-UHD-Display-Intel-Core-i9-8950HK-Upto-4-8GHz-8GB-RAM-512GB-NVMe-SSD-GeForce-GTX-1080-HDMI-Mini-DisplayPor/532665126","Dell Alienware 15R4 Gaming Notebook, 15.6"" 4K UHD Display, Intel Core i9-8950HK Upto 4.8GHz, 8GB RAM, 512GB NVMe SSD, GeForce GTX 1080, HDMI, Mini DisplayPort, Thunderbolt, Windows 10 Pro","https://i5.walmartimages.com/asr/9f55c29a-e91e-4aa6-96bd-6b8b5c8f64ee.01bd492132d1c4afaed55480829489ed.jpeg?odnHeight=580&odnWidth=580&odnBg=FFFFFF","Dell Alienware 15R4 Gaming Notebook, 15.6"" 4K UHD Display, Intel Core i9-8950HK Upto 4.8GHz, 8GB RAM, 512GB NVMe SSD, GeForce GTX 1080, HDMI, Mini DisplayPort, Thunderbolt, Windows 10 Pro","","","3+ day shipping","$2,196.99","current price $2,196.99","Add to cart"
"https://www.walmart.com/ip/Dell-Precision-3000-3240-Workstation-Intel-Core-i7-Octa-core-8-Core-i7-10700-10th-Gen-2-90-GHz-16-GB-DDR4-SDRAM-RAM-512-GB-SSD-Ultra-Small/753170971","Dell Precision 3000 3240 Workstation, Intel Core i7 Octa-core (8 Core) i7-10700 10th Gen 2.90 GHz, 16 GB DDR4 SDRAM RAM, 512 GB SSD, Ultra Small","https://i5.walmartimages.com/asr/ce6b849c-e217-4dde-a17c-a7af99a37015.6f52ab1dbea0766e8fb93ccc68916dbf.jpeg?odnHeight=580&odnWidth=580&odnBg=FFFFFF","Dell Precision 3000 3240 Workstation, Intel Core i7 Octa-core (8 Core) i7-10700 10th Gen 2.90 GHz, 16 GB DDR4 SDRAM RAM, 512 GB SSD, Ultra Small","","","3+ day shipping","$1,371.99","current price $1,371.99",""
"https://www.walmart.com/ip/Used-Dell-Inspiron-15-7567-Gaming-Laptop-15-6-4K-UHD-3840-x-2160-IPS-Display-7th-Gen-Intel-Kaby-Lake-i7-7700HQ-16GB-Ram-512GB-NVMe-SSD-GeForce-GTX-10/419792761","Used Dell Inspiron 15 7567 Gaming Laptop 15.6? 4K UHD (3840 x 2160) IPS Display 7th Gen Intel Kaby Lake i7-7700HQ 16GB Ram 512GB NVMe SSD GeForce GTX 1050 Win 10 Pro","https://i5.walmartimages.com/asr/ad64b464-a0c6-4bf6-b380-d59469835a60_1.cd55eb88cdb8e052e8534e1e1375a95f.jpeg?odnHeight=580&odnWidth=580&odnBg=FFFFFF","Used Dell Inspiron 15 7567 Gaming Laptop 15.6? 4K UHD (3840 x 2160) IPS Display 7th Gen Intel Kaby Lake i7-7700HQ 16GB Ram 512GB NVMe SSD GeForce GTX 1050 Win 10 Pro","","","3+ day shipping","$1,275.93","current price $1,275.93","Add to cart"
"https://www.walmart.com/ip/Dell-Inspiron-7567-Gaming-15-6-FHD-Laptop-Intel-Core-i5-7300HQ-Processor-NVIDIA-GeForce-GTX-1050-4GB-Graphics-1TB-8GB-SSHD-Memory-Backlit-Keyboard/493189197","Dell Inspiron 7567 Gaming 15.6"" FHD Laptop, Intel Core? i5-7300HQ Processor, NVIDIA GeForce GTX 1050 4GB Graphics, 1TB + 8GB SSHD, 8GB Memory, Backlit Keyboard","https://i5.walmartimages.com/asr/d9e4d19f-1ecc-4426-ae4b-3bcd71b87445_1.e4e25210b35bf894fd7a8a2f93191660.jpeg?odnHeight=580&odnWidth=580&odnBg=FFFFFF","Dell Inspiron 7567 Gaming 15.6"" FHD Laptop, Intel Core? i5-7300HQ Processor, NVIDIA GeForce GTX 1050 4GB Graphics, 1TB + 8GB SSHD, 8GB Memory, Backlit Keyboard","3","3.7 out of 5 Stars. 3 reviews","3+ day shipping","$899.00","current price $899.00","Add to cart"
"https://www.walmart.com/ip/UsedAlienware-15-R3-AW15R3-Laptop-Quad-Core-i7-6700HQ-3-50-GHz-Turbo-16GB-DDR4-128SSD-1TB-HDD-NVIDIA-GeForce-GTX1060-6GB-GDDR5-Black/709359947","UsedAlienware 15 R3 AW15R3 Laptop with Quad-Core i7-6700HQ up to 3.50 GHz Turbo, 16GB DDR4, 128SSD + 1TB HDD, and NVIDIA GeForce GTX1060 6GB GDDR5 (Black)","https://i5.walmartimages.com/asr/72cc80c8-9f04-4514-a3c2-9319ded5bd27_1.a316db9ef3dc45b973c9894e81b48f32.jpeg?odnHeight=580&odnWidth=580&odnBg=FFFFFF","UsedAlienware 15 R3 AW15R3 Laptop with Quad-Core i7-6700HQ up to 3.50 GHz Turbo, 16GB DDR4, 128SSD + 1TB HDD, and NVIDIA GeForce GTX1060 6GB GDDR5 (Black)","","","3+ day shipping","$1,379.95","current price $1,379.95","Add to cart"
"https://www.walmart.com/ip/Used-Dell-M6800-Gaming-Laptop-Core-i7-2-7GHz-Quad-Core-16GB-Memory-256GB-Solid-State-Hard-Drive-Nvidia-Graphics-Windows-10-Home/677107105","Used Dell M6800 Gaming Laptop Core i7 2.7GHz Quad Core 16GB Memory 256GB Solid State Hard Drive Nvidia Graphics Windows 10 Home","https://i5.walmartimages.com/asr/e87ff06f-b8d5-4999-a3fb-e45cc2dd139a_1.eaa3da537db7b5834d8acaacd0194535.jpeg?odnHeight=580&odnWidth=580&odnBg=FFFFFF","Used Dell M6800 Gaming Laptop Core i7 2.7GHz Quad Core 16GB Memory 256GB Solid State Hard Drive Nvidia Graphics Windows 10 Home","","","3+ day shipping","$799.00","current price $799.00","Add to cart"
"https://www.walmart.com/ip/Used-Dell-M6800-Gaming-Laptop-Core-i7-2-7GHz-Quad-Core-16GB-Memory-2-x-500GB-Hard-Drive-Nvidia-Graphics-Windows-10-Home/333204292","Used Dell M6800 Gaming Laptop Core i7 2.7GHz Quad Core 16GB Memory 2 x 500GB Hard Drive Nvidia Graphics Windows 10 Home","https://i5.walmartimages.com/asr/ad21892b-cf99-4748-a3b4-f200b0db3b30_1.aacae7450875490bda01a3dc6a5977f6.jpeg?odnHeight=580&odnWidth=580&odnBg=FFFFFF","Used Dell M6800 Gaming Laptop Core i7 2.7GHz Quad Core 16GB Memory 2 x 500GB Hard Drive Nvidia Graphics Windows 10 Home","","","3+ day shipping","$699.00","current price $699.00","Add to cart"
"https://www.walmart.com/ip/Used-Dell-G7-17-7790-17-3-FHD-Gaming-Laptop-9th-Gen-Intel-6-Core-i7-9750H-16GB-DDR4-RAM-512GB-SSD-NVIDIA-GeForce-RTX-2060-Windows-10/550101592","Used Dell G7 17 7790 17.3"" FHD Gaming Laptop 9th Gen Intel 6-Core i7-9750H 16GB DDR4 RAM, 512GB SSD NVIDIA GeForce RTX 2060 Windows 10","https://i5.walmartimages.com/asr/d1e23569-a994-483b-a678-9acc86bcf110_1.5cc0c48beefa6f01fde9c774ad90210e.jpeg?odnHeight=580&odnWidth=580&odnBg=FFFFFF","Used Dell G7 17 7790 17.3"" FHD Gaming Laptop 9th Gen Intel 6-Core i7-9750H 16GB DDR4 RAM, 512GB SSD NVIDIA GeForce RTX 2060 Windows 10","","","3+ day shipping","$1,399.98","current price $1,399.98","Add to cart"
"https://www.walmart.com/ip/Used-2017-Gaming-Dell-XPS-15-9560-FHD-Non-Touch-Display-1920-x-1080-7th-Gen-Intel-i7-7700HQ-Quad-Core-256-GB-SSD-8-RAM-Thunderbolt-NVIDIA-GTX-1050-4-/120408506","Used 2017 Gaming Dell XPS 15 9560 FHD Non Touch Display (1920 x 1080) 7th Gen Intel i7-7700HQ Quad Core 256 GB SSD, 8 GB RAM Thunderbolt NVIDIA GTX 1050 4 GB GDDR5","https://i5.walmartimages.com/asr/5951f7c0-041e-446a-8a48-5eadb3eb564d_1.8c77ba22d5a0c5ae9a0da987473d875b.jpeg?odnHeight=580&odnWidth=580&odnBg=FFFFFF","Used 2017 Gaming Dell XPS 15 9560 FHD Non Touch Display (1920 x 1080) 7th Gen Intel i7-7700HQ Quad Core 256 GB SSD, 8 GB RAM Thunderbolt NVIDIA GTX 1050 4 GB GDDR5","","","3+ day shipping","$1,149.00","current price $1,149.00","Add to cart"
"https://www.walmart.com/ip/Dell-XPS-15-7590-Intel-Core-i7-9750H-2-6-GHz-Win-10-Home-64-bit-GF-GTX-1650-16-GB-RAM-512-SSD-NVMe-15-6-IPS-touchscreen-3840-x-2160-Ultra-HD-4K-Wi-Fi/590016939","Dell XPS 15 7590 - Intel Core i7 9750H / 2.6 GHz - Win 10 Home 64-bit - GF GTX 1650 - 16 GB RAM - 512 GB SSD NVMe - 15.6"" IPS touchscreen 3840 x 2160 (Ultra HD 4K) - Wi-Fi 6 - silver - with 1 Year Limited Hardware Warranty with Onsite Service after Remote Diagnosis","https://i5.walmartimages.com/asr/966b29ca-1d4a-4824-96e0-2fe8ff45310a_1.22782c32be4db66bc1ecb49fc74b7ed0.jpeg?odnHeight=580&odnWidth=580&odnBg=FFFFFF","Dell XPS 15 7590 - Intel Core i7 9750H / 2.6 GHz - Win 10 Home 64-bit - GF GTX 1650 - 16 GB RAM - 512 GB SSD NVMe - 15.6"" IPS touchscreen 3840 x 2160 (Ultra HD 4K) - Wi-Fi 6 - silver - with 1 Year Limited Hardware Warranty with Onsite Service after Remote Diagnosis","6343","4.2 out of 5 Stars. 6343 reviews","3+ day shipping","$2,100.00","current price $2,100.00","Add to cart"
"https://www.walmart.com/ip/Used-Dell-Inspiron-15-7567-Gaming-Laptop-15-6-4K-UHD-3840-x-2160-IPS-Display-7th-Gen-Intel-Kaby-Lake-i7-7700HQ-16GB-Ram-512GB-NVMe-SSD-GeForce-GTX-10/918036724","Used Dell Inspiron 15 7567 Gaming Laptop 15.6? 4K UHD (3840 x 2160) IPS Display 7th Gen Intel Kaby Lake i7-7700HQ 16GB Ram 512GB NVMe SSD GeForce GTX 1050 Win 10 Pro","https://i5.walmartimages.com/asr/ad64b464-a0c6-4bf6-b380-d59469835a60_1.cd55eb88cdb8e052e8534e1e1375a95f.jpeg?odnHeight=580&odnWidth=580&odnBg=FFFFFF","Used Dell Inspiron 15 7567 Gaming Laptop 15.6? 4K UHD (3840 x 2160) IPS Display 7th Gen Intel Kaby Lake i7-7700HQ 16GB Ram 512GB NVMe SSD GeForce GTX 1050 Win 10 Pro","","","3+ day shipping","$1,275.93","current price $1,275.93","Add to cart"
"https://www.walmart.com/ip/Used-Dell-M6800-Gaming-Laptop-Core-i7-2-7GHz-Quad-Core-16GB-Memory-2TB-Hard-Drive-Nvidia-Graphics-Windows-10-Pro/853020249","Used Dell M6800 Gaming Laptop Core i7 2.7GHz Quad Core 16GB Memory 2TB Hard Drive Nvidia Graphics Windows 10 Pro","https://i5.walmartimages.com/asr/553af48e-7ce3-4cbb-b39c-d9aeb45285de_1.ba2063016caee86205e73a81adde62f8.jpeg?odnHeight=580&odnWidth=580&odnBg=FFFFFF","Used Dell M6800 Gaming Laptop Core i7 2.7GHz Quad Core 16GB Memory 2TB Hard Drive Nvidia Graphics Windows 10 Pro","","","3+ day shipping","$639.00","current price $639.00","Add to cart"
"https://www.walmart.com/ip/Used-Dell-M6800-Gaming-Laptop-Core-i7-2-7GHz-Quad-Core-16GB-Memory-1TB-Hard-Drive-Nvidia-Graphics-k4100M-Windows-10-Pro/970223686","Used Dell M6800 Gaming Laptop Core i7 2.7GHz Quad Core 16GB Memory 1TB Hard Drive Nvidia Graphics k4100M Windows 10 Pro","https://i5.walmartimages.com/asr/68df5b13-2fd2-4e42-bd51-edb73204fa8a_1.6692ea834b79e50014b50bed31c73c15.jpeg?odnHeight=580&odnWidth=580&odnBg=FFFFFF","Used Dell M6800 Gaming Laptop Core i7 2.7GHz Quad Core 16GB Memory 1TB Hard Drive Nvidia Graphics k4100M Windows 10 Pro","","","3+ day shipping","$799.00","current price $799.00","Add to cart"
"https://www.walmart.com/ip/UsedDell-M6800-Gaming-Laptop-Core-i7-2-7GHz-Quad-Core-16GB-Memory-1TB-Hard-Drive-Nvidia-Graphics-Windows-10-Home/213311451","UsedDell M6800 Gaming Laptop Core i7 2.7GHz Quad Core 16GB Memory 1TB Hard Drive Nvidia Graphics Windows 10 Home","https://i5.walmartimages.com/asr/1969d221-3d4d-4701-b529-59a4cd8b1505_1.1adc62d669570cadfe15585313183305.jpeg?odnHeight=580&odnWidth=580&odnBg=FFFFFF","UsedDell M6800 Gaming Laptop Core i7 2.7GHz Quad Core 16GB Memory 1TB Hard Drive Nvidia Graphics Windows 10 Home","","","3+ day shipping","$1,249.93","current price $1,249.93","Add to cart"
"https://www.walmart.com/ip/Dell-Alienware-15R4-Gaming-Notebook-15-6-4K-UHD-Display-Intel-Core-i9-8950HK-Upto-4-8GHz-8GB-RAM-256GB-NVMe-SSD-GeForce-GTX-1080-HDMI-Mini-DisplayPor/714796938","Dell Alienware 15R4 Gaming Notebook, 15.6"" 4K UHD Display, Intel Core i9-8950HK Upto 4.8GHz, 8GB RAM, 256GB NVMe SSD, GeForce GTX 1080, HDMI, Mini DisplayPort, Thunderbolt, Windows 10 Pro","https://i5.walmartimages.com/asr/f6edf477-31be-429f-8646-f5e2d80182ca.01bd492132d1c4afaed55480829489ed.jpeg?odnHeight=580&odnWidth=580&odnBg=FFFFFF","Dell Alienware 15R4 Gaming Notebook, 15.6"" 4K UHD Display, Intel Core i9-8950HK Upto 4.8GHz, 8GB RAM, 256GB NVMe SSD, GeForce GTX 1080, HDMI, Mini DisplayPort, Thunderbolt, Windows 10 Pro","","","3+ day shipping","$2,168.99","current price $2,168.99","Add to cart"
"https://www.walmart.com/ip/Dell-Inspiron-15-6-Full-HD-Laptop-Intel-Core-i7-i7-6700HQ-8GB-RAM-1TB-HD-Windows-10-Home-15-7559/47431726","Dell Inspiron 15.6"" Full HD Laptop, Intel Core i7 i7-6700HQ, 8GB RAM, 1TB HD, Windows 10 Home, 15-7559","https://i5.walmartimages.com/asr/a8782542-8692-4e3f-b0ac-18e1c2373df0.b58b61bad7c167ff6f2e4d3b1a084d6d.jpeg?odnHeight=580&odnWidth=580&odnBg=FFFFFF","Dell Inspiron 15.6"" Full HD Laptop, Intel Core i7 i7-6700HQ, 8GB RAM, 1TB HD, Windows 10 Home, 15-7559","16269","4.2 out of 5 Stars. 16269 reviews","3+ day shipping","$1,299.00","current price $1,299.00","Add to cart"
"https://www.walmart.com/ip/Used-Dell-XPS9560-7001SLV-PUS-15-6-Ultra-Thin-Light-Laptop-4K-touch-screen-display-7th-Gen-Core-i7-up-3-8-GHz-16GB-512GB-SSD-Nvidia-Gaming-GPU-GTX-10/934048304","Used Dell XPS9560-7001SLV-PUS 15.6"" Ultra Thin and Light Laptop with 4K touch screen display, 7th Gen Core i7 (up to 3.8 GHz), 16GB, 512GB SSD, Nvidia Gaming GPU GTX 1050, Aluminum Chassis","https://i5.walmartimages.com/asr/39bea0b3-4673-4a95-9026-54ce5c58b3b5_1.b2ccb9221de0c96b2bfd13f25a2ac39f.jpeg?odnHeight=580&odnWidth=580&odnBg=FFFFFF","Used Dell XPS9560-7001SLV-PUS 15.6"" Ultra Thin and Light Laptop with 4K touch screen display, 7th Gen Core i7 (up to 3.8 GHz), 16GB, 512GB SSD, Nvidia Gaming GPU GTX 1050, Aluminum Chassis","","","3+ day shipping","$1,624.95","current price $1,624.95","Add to cart"
"https://www.walmart.com/ip/Dell-G3-15-3590-Intel-Core-i5-9300H-2-4-GHz-Win-10-Home-64-bit-GF-GTX-1660-Ti-8-GB-RAM-512-SSD-NVMe-15-6-1920-x-1080-Full-HD-Wi-Fi-5-black-blue-logo-/367641021","Dell G3 15 3590 - Intel Core i5 9300H / 2.4 GHz - Win 10 Home 64-bit - GF GTX 1660 Ti - 8 GB RAM - 512 GB SSD NVMe - 15.6"" 1920 x 1080 (Full HD) - Wi-Fi 5 - black with blue logo - kbd: US","https://i5.walmartimages.com/asr/3cedda32-93bf-476c-a129-61fdedba7ae9.dc4d1fa986c25893e9b579a3fa39fd9e.jpeg?odnHeight=580&odnWidth=580&odnBg=FFFFFF","Dell G3 15 3590 - Intel Core i5 9300H / 2.4 GHz - Win 10 Home 64-bit - GF GTX 1660 Ti - 8 GB RAM - 512 GB SSD NVMe - 15.6"" 1920 x 1080 (Full HD) - Wi-Fi 5 - black with blue logo - kbd: US","4125","4.2 out of 5 Stars. 4125 reviews","3+ day shipping","$999.90","current price $999.90","Add to cart"
"https://www.walmart.com/ip/Used-Dell-Inspiron-15-7567-Series-Gaming-Edition-15-6-Inch-Full-HD-Screen-Laptop-Intel-Quad-Core-i7-7700HQ-256GB-SSD-1-TB-HDD-16GB-DDR4-Memory-NVIDIA/180030830","Used Dell Inspiron 15 7567 Series Gaming Edition 15.6-Inch Full HD Screen Laptop - Intel Quad-Core i7-7700HQ, 256GB SSD + 1 TB HDD 16GB DDR4 Memory, NVIDIA GTX 1050 4GB Graphics","https://i5.walmartimages.com/asr/16852278-3c1a-4118-9f7d-d4509753efdb_1.cd55eb88cdb8e052e8534e1e1375a95f.jpeg?odnHeight=580&odnWidth=580&odnBg=FFFFFF","Used Dell Inspiron 15 7567 Series Gaming Edition 15.6-Inch Full HD Screen Laptop - Intel Quad-Core i7-7700HQ, 256GB SSD + 1 TB HDD 16GB DDR4 Memory, NVIDIA GTX 1050 4GB Graphics","","","3+ day shipping","$1,049.93","current price $1,049.93","Add to cart"
"https://www.walmart.com/ip/Used-Dell-M6800-Gaming-Laptop-Core-i7-2-7GHz-Quad-Core-16GB-Memory-512GB-Solid-State-500GB-Hard-Drive-Nvidia-Graphics-Windows-10-Pro/191677965","Used Dell M6800 Gaming Laptop Core i7 2.7GHz Quad Core 16GB Memory 512GB Solid State + 500GB Hard Drive Nvidia Graphics Windows 10 Pro","https://i5.walmartimages.com/asr/553af48e-7ce3-4cbb-b39c-d9aeb45285de_1.ba2063016caee86205e73a81adde62f8.jpeg?odnHeight=580&odnWidth=580&odnBg=FFFFFF","Used Dell M6800 Gaming Laptop Core i7 2.7GHz Quad Core 16GB Memory 512GB Solid State + 500GB Hard Drive Nvidia Graphics Windows 10 Pro","","","3+ day shipping","$799.00","current price $799.00","Add to cart"